Navio,Docagem,Tipo
Felipe Ribeiro,2019-01-10,Especial
Giselle Carvalho,2020-05-30,Especial
Raul Martins,2020-10-16,Especial
Paulo Moura,2021-01-21,Especial
Marcos Cavalcanti,2021-05-08,Especial
Bruno Lima,2021-09-18,Especial
Ricardo Barbosa,2021-10-06,Especial
Fábio Santos,2022-02-09,Especial
Eduardo Costa,2022-02-14,Especial
Maria Valentina,2022-04-28,Especial
Rafael Santos,2022-07-08,Especial
Henrique Alves,2022-11-09,Especial
Thiago Fernandes,2023-01-18,Especial
Romario Silva,2023-05-18,Especial
Victor Oliveira,2023-06-30,Especial
Daniel Pereira,2023-09-13,Especial
Renato Gomes,2024-01-07,Especial
Lucas Mendonça,2024-02-13,Especial
