navio,numero_periodo,tem_docagem,data_docagem,periodo_inicio,periodo_fim,dias_periodo,num_registros,taxa_deterioracao_dia,taxa_deterioracao_mes,taxa_deterioracao_ano,consumo_inicial_estimado,consumo_final_estimado,aumento_percentual_periodo,consumo_medio,consumo_std,r2,mae,rmse,distancia_total_nm,consumo_total_ton
BRUNO LIMA,1,True,2021-09-18,2021-09-18,2025-11-25 11:35:00,1529,1317,3.1e-05,0.000928,0.011295,0.037,0.0843,127.77,0.0603,0.0783,0.0311,0.0356,0.0771,172912.61,6396.71
CARLA SILVA,1,True,2024-02-26,2024-02-26,2025-11-19 14:00:00,632,337,-3.2e-05,-0.000969,-0.011787,0.1517,0.1312,-13.46,0.1432,0.0907,0.004,0.0605,0.0904,34690.0,4069.9
DANIEL PEREIRA,1,True,2023-09-13,2023-09-13,2025-11-24 01:42:00,803,667,5.3e-05,0.001576,0.01918,0.1383,0.1805,30.52,0.1592,0.135,0.008,0.0684,0.1343,145198.5,18061.2
EDUARDO COSTA,1,True,2022-02-14,2022-02-14,2025-11-22 15:00:00,1377,1006,2.2e-05,0.000666,0.008101,0.1574,0.188,19.41,0.1728,0.1712,0.0025,0.1162,0.1709,135311.16,12042.16
FELIPE RIBEIRO,1,True,2019-01-10,2019-01-10,2024-06-20 00:00:00,1988,820,7e-05,0.002096,0.025497,0.142,0.2808,97.82,0.2418,0.124,0.0271,0.0777,0.1222,130704.9,25576.99
FELIPE RIBEIRO,2,True,2024-06-20,2024-06-20,2025-11-21 05:00:00,519,443,-2.4e-05,-0.000728,-0.008851,0.1789,0.1663,-7.04,0.1724,0.1035,0.0012,0.0569,0.1033,101473.0,14214.19
FÁBIO SANTOS,1,True,2022-02-09,2022-02-09,2025-11-24 06:45:00,1384,1256,0.0,1.4e-05,0.000175,0.0459,0.0466,1.45,0.0463,0.0347,0.0,0.0169,0.0347,164300.8,6082.09
GABRIELA MARTINS,1,True,2024-04-13,2024-04-13,2025-11-20 09:30:00,586,465,3.6e-05,0.001066,0.012972,0.1399,0.1607,14.89,0.1504,0.1216,0.0024,0.0634,0.1213,103399.9,12225.1
GISELLE CARVALHO,1,True,2020-05-30,2020-05-30,2025-03-22 00:00:00,1757,1121,8e-06,0.000226,0.002751,0.1868,0.2,7.09,0.1948,0.1259,0.0005,0.0725,0.1258,233960.3,37401.09
GISELLE CARVALHO,2,True,2025-03-22,2025-03-22,2025-10-21 15:00:00,213,200,-0.000199,-0.005973,-0.072667,0.1777,0.1353,-23.87,0.157,0.1171,0.0117,0.0618,0.1161,48780.8,6252.41
HENRIQUE ALVES,1,True,2022-11-09,2022-11-09,2025-11-18 15:00:00,1105,972,-9e-06,-0.000282,-0.003426,0.1837,0.1733,-5.65,0.1785,0.1395,0.0005,0.0759,0.1394,195906.9,27977.4
LUCAS MENDONÇA,1,True,2024-02-13,2024-02-13,2025-11-19 19:54:00,645,484,-9.6e-05,-0.002871,-0.034926,0.1473,0.0856,-41.9,0.1176,0.1084,0.0234,0.0618,0.1071,60254.6,4508.4
MARCOS CAVALCANTI,1,True,2021-05-08,2021-05-08,2025-11-24 01:40:00,1661,1356,2e-06,7.3e-05,0.000885,0.1812,0.1853,2.22,0.1834,0.1319,0.0001,0.0784,0.1319,267680.2,37523.43
MARIA VALENTINA,1,True,2022-04-28,2022-04-28,2025-11-04 11:00:00,1286,1096,5e-06,0.000153,0.001858,0.0531,0.0596,12.33,0.0563,0.0455,0.0018,0.0275,0.0454,150760.3,5391.15
PAULO MOURA,1,True,2021-01-21,2021-01-21,2025-11-01 00:00:00,1745,1237,5.3e-05,0.001596,0.019413,0.1234,0.2162,75.24,0.1765,0.1212,0.0403,0.0587,0.1187,267520.6,40295.08
RAFAEL SANTOS,1,True,2022-07-08,2022-07-08,2025-11-24 09:00:00,1235,968,-2.6e-05,-0.000787,-0.009569,0.1906,0.1582,-16.99,0.1741,0.1189,0.0063,0.0623,0.1184,212619.4,31234.94
RAUL MARTINS,1,True,2020-10-16,2020-10-16,2025-05-10 00:00:00,1667,1147,1.9e-05,0.000556,0.006763,0.1756,0.2065,17.59,0.1931,0.1247,0.0036,0.0679,0.1245,239055.1,37783.33
RAUL MARTINS,2,True,2025-05-10,2025-05-10,2025-11-25 09:00:00,199,162,-0.000234,-0.007011,-0.085296,0.2138,0.1673,-21.75,0.1898,0.1477,0.0089,0.0896,0.1466,33382.7,4744.12
RENATO GOMES,1,True,2024-01-07,2024-01-07,2025-11-24 08:00:00,687,429,3.9e-05,0.001162,0.014137,0.1097,0.1363,24.25,0.1224,0.0745,0.0117,0.0349,0.0739,99428.7,11041.38
RICARDO BARBOSA,1,True,2021-10-06,2021-10-06,2025-10-06 00:00:00,1461,1286,3e-06,8.7e-05,0.001062,0.0465,0.0507,9.15,0.0485,0.0361,0.0012,0.0189,0.036,186342.0,6745.67
RODRIGO PINHEIRO,1,True,2024-08-26,2024-08-26,2025-11-16 02:00:00,447,359,-6e-06,-0.000168,-0.002038,0.12,0.1175,-2.08,0.1187,0.1051,0.0,0.0455,0.105,87918.4,8565.18
ROMARIO SILVA,1,True,2023-05-18,2023-05-18,2025-11-19 01:25:00,916,688,-1.6e-05,-0.000474,-0.005763,0.111,0.0965,-13.03,0.1035,0.0935,0.002,0.0512,0.0933,92795.58,6889.72
THIAGO FERNANDES,1,True,2023-01-18,2023-01-18,2025-11-12 18:30:00,1029,801,3.2e-05,0.000958,0.011655,0.1127,0.1456,29.16,0.129,0.1132,0.0065,0.0685,0.1128,101252.1,8186.06
VICTOR OLIVEIRA,1,True,2023-06-30,2023-06-30,2025-11-18 00:00:00,872,725,8e-06,0.000227,0.002764,0.1541,0.1607,4.29,0.1574,0.0986,0.0004,0.0504,0.0985,159272.0,21768.97
