shipName,Classe,ano,mes,consumo_total,consumo_medio,num_viagens,distancia_total,duracao_total,consumo_por_milha,consumo_por_hora
RODRIGO PINHEIRO,Aframax,2021,3,61.6,12.32,5,392.0,35.95,0.1571,1.7135
TOTAL_FROTA,TODAS,2021,3,61.6,12.32,5,392.0,35.95,0.1571,1.7135
RODRIGO PINHEIRO,Aframax,2021,4,603.03,24.12,25,5252.9,481.55,0.1148,1.2523
ROMARIO SILVA,MR 2,2021,4,140.5,15.61,9,1706.5,149.94,0.0823,0.937
TOTAL_FROTA,TODAS,2021,4,743.53,21.87,34,6959.4,631.49,0.1068,1.1774
DANIEL PEREIRA,Aframax,2021,5,327.0,46.71,7,1992.0,171.0,0.1642,1.9123
RODRIGO PINHEIRO,Aframax,2021,5,1028.66,32.15,32,8321.0,661.42,0.1236,1.5552
ROMARIO SILVA,MR 2,2021,5,432.02,14.9,29,5298.4,500.92,0.0815,0.8625
TOTAL_FROTA,TODAS,2021,5,1787.68,26.29,68,15611.4,1333.34,0.1145,1.3408
BRUNO LIMA,Gaseiro 7k,2021,6,105.0,7.5,14,2526.0,228.25,0.0416,0.46
DANIEL PEREIRA,Aframax,2021,6,458.21,24.12,19,3125.0,287.72,0.1466,1.5926
FÁBIO SANTOS,Gaseiro 7k,2021,6,34.0,5.67,6,835.0,66.16,0.0407,0.5139
LUCAS MENDONÇA,MR 2,2021,6,477.18,17.67,27,6194.8,477.95,0.077,0.9984
MARCOS CAVALCANTI,Suezmax,2021,6,596.0,42.57,14,4121.0,329.5,0.1446,1.8088
MARIA VALENTINA,Gaseiro 7k,2021,6,68.8,6.25,11,1417.0,121.83,0.0486,0.5647
PAULO MOURA,Suezmax,2021,6,446.0,40.55,11,3637.0,265.0,0.1226,1.683
RAUL MARTINS,Suezmax,2021,6,427.0,32.85,13,2598.4,229.75,0.1643,1.8585
RENATO GOMES,Aframax,2021,6,797.0,39.85,20,5592.0,462.0,0.1425,1.7251
RODRIGO PINHEIRO,Aframax,2021,6,530.51,12.34,43,5185.5,481.16,0.1023,1.1026
ROMARIO SILVA,MR 2,2021,6,373.33,10.09,37,4631.5,526.84,0.0806,0.7086
TOTAL_FROTA,TODAS,2021,6,4313.03,20.06,215,39863.2,3476.16,0.1082,1.2407
BRUNO LIMA,Gaseiro 7k,2021,7,216.9,5.56,39,6284.4,514.59,0.0345,0.4215
CARLA SILVA,Aframax,2021,7,163.0,27.17,6,1218.0,113.5,0.1338,1.4361
DANIEL PEREIRA,Aframax,2021,7,70.33,7.81,9,481.0,65.59,0.1462,1.0723
EDUARDO COSTA,MR 2,2021,7,17.26,2.88,6,156.0,40.25,0.1106,0.4288
FELIPE RIBEIRO,Suezmax,2021,7,117.0,39.0,3,803.0,66.5,0.1457,1.7594
FÁBIO SANTOS,Gaseiro 7k,2021,7,156.0,5.03,31,4441.0,399.09,0.0351,0.3909
GABRIELA MARTINS,Aframax,2021,7,167.1,11.94,14,930.9,198.1,0.1795,0.8435
GISELLE CARVALHO,Suezmax,2021,7,749.0,49.93,15,5028.0,348.5,0.149,2.1492
LUCAS MENDONÇA,MR 2,2021,7,294.75,8.93,33,3932.6,404.5,0.075,0.7287
MARCOS CAVALCANTI,Suezmax,2021,7,282.0,23.5,12,2342.0,193.4,0.1204,1.4581
MARIA VALENTINA,Gaseiro 7k,2021,7,137.9,4.76,29,3399.9,333.35,0.0406,0.4137
PAULO MOURA,Suezmax,2021,7,881.0,35.24,25,6409.0,522.4,0.1375,1.6864
RAUL MARTINS,Suezmax,2021,7,1173.0,48.88,24,7288.0,573.0,0.1609,2.0471
RENATO GOMES,Aframax,2021,7,564.0,25.64,22,3446.0,527.8,0.1637,1.0686
RICARDO BARBOSA,Gaseiro 7k,2021,7,100.3,9.12,11,2815.3,219.5,0.0356,0.4569
RODRIGO PINHEIRO,Aframax,2021,7,774.03,23.46,33,6564.0,616.77,0.1179,1.255
ROMARIO SILVA,MR 2,2021,7,185.96,11.62,16,1958.0,226.54,0.095,0.8209
THIAGO FERNANDES,MR 2,2021,7,7.0,2.33,3,27.0,22.0,0.2593,0.3182
TOTAL_FROTA,TODAS,2021,7,6056.53,18.3,331,57524.1,5385.38,0.1053,1.1246
BRUNO LIMA,Gaseiro 7k,2021,8,99.14,4.72,21,2216.8,177.49,0.0447,0.5586
CARLA SILVA,Aframax,2021,8,142.0,10.14,14,1015.0,325.8,0.1399,0.4359
DANIEL PEREIRA,Aframax,2021,8,169.67,18.85,9,1171.4,103.2,0.1448,1.6441
EDUARDO COSTA,MR 2,2021,8,256.57,11.16,23,2662.0,238.76,0.0964,1.0746
FELIPE RIBEIRO,Suezmax,2021,8,1164.0,37.55,31,7196.0,702.1,0.1618,1.6579
FÁBIO SANTOS,Gaseiro 7k,2021,8,85.5,3.72,23,2213.0,189.1,0.0386,0.4521
GABRIELA MARTINS,Aframax,2021,8,839.52,38.16,22,5427.0,482.1,0.1547,1.7414
GISELLE CARVALHO,Suezmax,2021,8,800.0,30.77,26,5890.0,640.82,0.1358,1.2484
LUCAS MENDONÇA,MR 2,2021,8,451.2,13.67,33,5255.0,453.55,0.0859,0.9948
MARCOS CAVALCANTI,Suezmax,2021,8,508.0,21.17,24,3970.0,403.9,0.128,1.2577
MARIA VALENTINA,Gaseiro 7k,2021,8,129.0,4.96,26,3636.0,319.1,0.0355,0.4043
PAULO MOURA,Suezmax,2021,8,581.0,30.58,19,4308.0,456.45,0.1349,1.2729
RAUL MARTINS,Suezmax,2021,8,723.0,27.81,26,5395.1,435.65,0.134,1.6596
RENATO GOMES,Aframax,2021,8,993.0,35.46,28,7915.0,606.3,0.1255,1.6378
RICARDO BARBOSA,Gaseiro 7k,2021,8,176.3,6.08,29,4474.9,457.99,0.0394,0.3849
RODRIGO PINHEIRO,Aframax,2021,8,533.12,25.39,21,4068.2,413.59,0.131,1.289
ROMARIO SILVA,MR 2,2021,8,345.43,11.91,29,4005.2,330.49,0.0862,1.0452
THIAGO FERNANDES,MR 2,2021,8,104.13,9.47,11,760.0,76.58,0.137,1.3598
TOTAL_FROTA,TODAS,2021,8,8100.58,19.52,415,71578.6,6812.97,0.1132,1.189
BRUNO LIMA,Gaseiro 7k,2021,9,35.32,3.21,11,929.0,86.66,0.038,0.4076
CARLA SILVA,Aframax,2021,9,648.0,24.92,26,5290.0,488.9,0.1225,1.3254
DANIEL PEREIRA,Aframax,2021,9,948.0,39.5,24,5592.0,540.95,0.1695,1.7525
EDUARDO COSTA,MR 2,2021,9,443.08,17.04,26,4577.0,393.25,0.0968,1.1267
FELIPE RIBEIRO,Suezmax,2021,9,177.0,11.8,15,1198.5,103.27,0.1477,1.714
FÁBIO SANTOS,Gaseiro 7k,2021,9,104.9,4.56,23,2643.0,249.01,0.0397,0.4213
GABRIELA MARTINS,Aframax,2021,9,705.25,17.63,40,4866.6,427.43,0.1449,1.65
GISELLE CARVALHO,Suezmax,2021,9,1317.3,47.05,28,7429.0,622.83,0.1773,2.115
HENRIQUE ALVES,Suezmax,2021,9,1089.0,38.89,28,5679.0,531.6,0.1918,2.0485
LUCAS MENDONÇA,MR 2,2021,9,190.6,13.61,14,2405.5,170.6,0.0792,1.1172
MARCOS CAVALCANTI,Suezmax,2021,9,486.0,16.76,29,3657.0,416.3,0.1329,1.1674
MARIA VALENTINA,Gaseiro 7k,2021,9,163.8,6.07,27,3937.0,357.59,0.0416,0.4581
PAULO MOURA,Suezmax,2021,9,876.0,36.5,24,6055.0,512.09,0.1447,1.7106
RAFAEL SANTOS,Suezmax,2021,9,490.0,54.44,9,2685.0,216.0,0.1825,2.2685
RAUL MARTINS,Suezmax,2021,9,1022.0,34.07,30,6277.7,523.97,0.1628,1.9505
RENATO GOMES,Aframax,2021,9,860.2,33.08,26,6726.0,522.4,0.1279,1.6466
RICARDO BARBOSA,Gaseiro 7k,2021,9,110.4,4.25,26,3198.16,275.83,0.0345,0.4002
RODRIGO PINHEIRO,Aframax,2021,9,1.6,0.8,2,9.0,1.5,0.1778,1.0667
ROMARIO SILVA,MR 2,2021,9,371.03,12.37,30,4364.73,335.31,0.085,1.1065
THIAGO FERNANDES,MR 2,2021,9,411.66,14.7,28,4049.0,633.08,0.1017,0.6502
TOTAL_FROTA,TODAS,2021,9,10451.14,22.43,466,81568.19,7408.57,0.1281,1.4107
BRUNO LIMA,Gaseiro 7k,2021,10,110.91,5.28,21,2787.0,322.99,0.0398,0.3434
CARLA SILVA,Aframax,2021,10,766.0,17.02,45,5420.0,788.79,0.1413,0.9711
DANIEL PEREIRA,Aframax,2021,10,1137.0,36.68,31,8409.0,653.84,0.1352,1.739
EDUARDO COSTA,MR 2,2021,10,279.75,13.32,21,3038.0,248.09,0.0921,1.1276
FELIPE RIBEIRO,Suezmax,2021,10,1453.63,42.75,34,8608.0,727.6,0.1689,1.9978
FÁBIO SANTOS,Gaseiro 7k,2021,10,181.22,5.85,31,5015.5,400.54,0.0361,0.4524
GABRIELA MARTINS,Aframax,2021,10,789.37,29.24,27,6330.0,501.7,0.1247,1.5734
GISELLE CARVALHO,Suezmax,2021,10,1040.41,33.56,31,8353.0,543.4,0.1246,1.9146
HENRIQUE ALVES,Suezmax,2021,10,883.0,31.54,28,4374.5,553.38,0.2019,1.5956
LUCAS MENDONÇA,MR 2,2021,10,374.2,11.34,33,4655.5,349.01,0.0804,1.0722
MARCOS CAVALCANTI,Suezmax,2021,10,489.79,16.33,30,4089.0,326.49,0.1198,1.5002
MARIA VALENTINA,Gaseiro 7k,2021,10,169.6,5.3,32,4742.5,371.32,0.0358,0.4567
PAULO MOURA,Suezmax,2021,10,1142.4,36.85,31,9465.0,783.18,0.1207,1.4587
RAFAEL SANTOS,Suezmax,2021,10,1517.2,72.25,21,3362.0,274.92,0.4513,5.5187
RAUL MARTINS,Suezmax,2021,10,1109.5,34.67,32,9008.8,706.4,0.1232,1.5706
RENATO GOMES,Aframax,2021,10,955.53,28.96,33,6448.3,555.79,0.1482,1.7192
RICARDO BARBOSA,Gaseiro 7k,2021,10,163.2,4.95,33,4742.5,409.01,0.0344,0.399
RODRIGO PINHEIRO,Aframax,2021,10,1246.7,38.96,32,8906.0,743.33,0.14,1.6772
ROMARIO SILVA,MR 2,2021,10,160.2,6.16,26,2156.5,243.4,0.0743,0.6582
THIAGO FERNANDES,MR 2,2021,10,77.7,7.77,10,905.3,100.41,0.0858,0.7738
TOTAL_FROTA,TODAS,2021,10,14047.31,24.14,582,110816.4,9603.59,0.1268,1.4627
BRUNO LIMA,Gaseiro 7k,2021,11,97.65,4.07,24,2696.5,235.68,0.0362,0.4143
CARLA SILVA,Aframax,2021,11,187.0,11.69,16,1227.0,244.87,0.1524,0.7637
DANIEL PEREIRA,Aframax,2021,11,409.0,31.46,13,3209.5,244.07,0.1274,1.6757
EDUARDO COSTA,MR 2,2021,11,461.29,17.74,26,4502.0,415.42,0.1025,1.1104
FELIPE RIBEIRO,Suezmax,2021,11,770.55,25.68,30,4412.5,356.28,0.1746,2.1628
FÁBIO SANTOS,Gaseiro 7k,2021,11,88.3,3.04,29,2143.8,215.92,0.0412,0.4089
GABRIELA MARTINS,Aframax,2021,11,869.6,33.45,26,6261.0,493.7,0.1389,1.7614
GISELLE CARVALHO,Suezmax,2021,11,838.29,34.93,24,5229.0,445.68,0.1603,1.8809
HENRIQUE ALVES,Suezmax,2021,11,1522.0,50.73,30,8561.0,720.0,0.1778,2.1139
LUCAS MENDONÇA,MR 2,2021,11,277.2,13.86,20,3846.6,283.0,0.0721,0.9795
MARCOS CAVALCANTI,Suezmax,2021,11,779.3,29.97,26,5535.0,441.71,0.1408,1.7643
MARIA VALENTINA,Gaseiro 7k,2021,11,148.15,5.11,29,4542.0,427.74,0.0326,0.3464
PAULO MOURA,Suezmax,2021,11,520.0,40.0,13,3122.0,538.63,0.1666,0.9654
RAFAEL SANTOS,Suezmax,2021,11,430.9,17.24,25,2920.0,239.51,0.1476,1.7991
RAUL MARTINS,Suezmax,2021,11,744.64,32.38,23,4877.0,455.12,0.1527,1.6361
RENATO GOMES,Aframax,2021,11,855.17,27.59,31,6266.5,515.37,0.1365,1.6593
RICARDO BARBOSA,Gaseiro 7k,2021,11,115.7,5.51,21,3404.0,271.16,0.034,0.4267
RODRIGO PINHEIRO,Aframax,2021,11,836.41,26.14,32,7411.0,562.28,0.1129,1.4875
ROMARIO SILVA,MR 2,2021,11,190.87,6.58,29,2647.7,279.76,0.0721,0.6823
THIAGO FERNANDES,MR 2,2021,11,268.8,11.2,24,3185.0,260.85,0.0844,1.0305
TOTAL_FROTA,TODAS,2021,11,10410.82,21.2,491,85999.1,7646.75,0.1211,1.3615
BRUNO LIMA,Gaseiro 7k,2021,12,75.02,3.0,25,2179.0,180.57,0.0344,0.4155
CARLA SILVA,Aframax,2021,12,484.6,12.75,38,3624.0,427.47,0.1337,1.1336
DANIEL PEREIRA,Aframax,2021,12,717.5,27.6,26,4605.2,446.22,0.1558,1.608
EDUARDO COSTA,MR 2,2021,12,270.54,20.81,13,2381.0,243.58,0.1136,1.1107
FELIPE RIBEIRO,Suezmax,2021,12,1437.28,51.33,28,8019.0,632.0,0.1792,2.2742
GABRIELA MARTINS,Aframax,2021,12,1028.77,32.15,32,7415.0,631.4,0.1387,1.6293
GISELLE CARVALHO,Suezmax,2021,12,1384.0,47.72,29,7796.0,635.9,0.1775,2.1764
HENRIQUE ALVES,Suezmax,2021,12,90.0,9.0,10,371.0,160.7,0.2426,0.56
LUCAS MENDONÇA,MR 2,2021,12,244.36,11.11,22,2949.0,237.3,0.0829,1.0298
MARCOS CAVALCANTI,Suezmax,2021,12,684.7,27.39,25,5747.0,486.16,0.1191,1.4084
MARIA VALENTINA,Gaseiro 7k,2021,12,152.8,4.78,32,3971.5,395.84,0.0385,0.386
PAULO MOURA,Suezmax,2021,12,1083.0,40.11,27,7082.0,630.3,0.1529,1.7182
RAFAEL SANTOS,Suezmax,2021,12,712.35,22.26,32,5028.0,428.84,0.1417,1.6611
RAUL MARTINS,Suezmax,2021,12,710.0,29.58,24,5258.0,450.83,0.135,1.5749
RENATO GOMES,Aframax,2021,12,889.0,32.93,27,7267.0,586.85,0.1223,1.5149
RICARDO BARBOSA,Gaseiro 7k,2021,12,193.55,5.69,34,5336.0,427.37,0.0363,0.4529
RODRIGO PINHEIRO,Aframax,2021,12,1060.9,34.22,31,7923.0,662.57,0.1339,1.6012
ROMARIO SILVA,MR 2,2021,12,99.06,7.62,13,1339.5,108.18,0.074,0.9157
THIAGO FERNANDES,MR 2,2021,12,312.2,13.01,24,3244.0,263.62,0.0962,1.1843
TOTAL_FROTA,TODAS,2021,12,11725.49,23.55,498,92084.2,8081.28,0.1273,1.4509
VICTOR OLIVEIRA,Suezmax,2021,12,95.86,15.98,6,549.0,45.58,0.1746,2.1031
BRUNO LIMA,Gaseiro 7k,2022,1,180.26,4.87,37,5979.5,464.66,0.0301,0.3879
CARLA SILVA,Aframax,2022,1,165.7,11.84,14,1107.8,280.8,0.1496,0.5901
DANIEL PEREIRA,Aframax,2022,1,928.0,35.69,26,5684.0,508.71,0.1633,1.8242
FELIPE RIBEIRO,Suezmax,2022,1,91.8,10.2,9,385.2,43.94,0.2383,2.0892
FÁBIO SANTOS,Gaseiro 7k,2022,1,0.5,0.5,1,10.0,1.25,0.05,0.4
GABRIELA MARTINS,Aframax,2022,1,591.83,21.14,28,4857.0,415.97,0.1219,1.4228
GISELLE CARVALHO,Suezmax,2022,1,568.6,18.34,31,3646.0,305.78,0.156,1.8595
HENRIQUE ALVES,Suezmax,2022,1,385.0,21.39,18,1933.5,191.4,0.1991,2.0115
LUCAS MENDONÇA,MR 2,2022,1,366.85,7.81,47,4486.0,358.2,0.0818,1.0241
MARCOS CAVALCANTI,Suezmax,2022,1,652.15,23.29,28,5110.0,478.37,0.1276,1.3633
MARIA VALENTINA,Gaseiro 7k,2022,1,197.44,5.98,33,5170.0,438.41,0.0382,0.4504
PAULO MOURA,Suezmax,2022,1,287.0,23.92,12,2515.0,376.97,0.1141,0.7613
RAFAEL SANTOS,Suezmax,2022,1,1312.0,43.73,30,8159.0,695.67,0.1608,1.886
RAUL MARTINS,Suezmax,2022,1,978.76,30.59,32,7445.5,586.58,0.1315,1.6686
RENATO GOMES,Aframax,2022,1,658.78,21.96,30,5565.0,557.16,0.1184,1.1824
RICARDO BARBOSA,Gaseiro 7k,2022,1,209.85,6.77,31,5200.5,442.37,0.0404,0.4744
RODRIGO PINHEIRO,Aframax,2022,1,775.65,24.24,32,6077.6,478.61,0.1276,1.6206
ROMARIO SILVA,MR 2,2022,1,209.0,7.46,28,2180.0,219.31,0.0959,0.953
THIAGO FERNANDES,MR 2,2022,1,341.26,15.51,22,3543.0,379.24,0.0963,0.8999
TOTAL_FROTA,TODAS,2022,1,9247.18,17.92,516,81263.1,7590.41,0.1138,1.2183
VICTOR OLIVEIRA,Suezmax,2022,1,346.75,12.84,27,2208.5,367.01,0.157,0.9448
BRUNO LIMA,Gaseiro 7k,2022,2,105.57,4.8,22,2912.0,234.58,0.0363,0.45
CARLA SILVA,Aframax,2022,2,405.7,20.28,20,3066.7,321.0,0.1323,1.2639
DANIEL PEREIRA,Aframax,2022,2,979.0,33.76,29,8861.0,661.25,0.1105,1.4805
EDUARDO COSTA,MR 2,2022,2,372.37,21.9,17,4757.0,333.0,0.0783,1.1182
FELIPE RIBEIRO,Suezmax,2022,2,1388.0,49.57,28,6383.0,619.0,0.2175,2.2423
FÁBIO SANTOS,Gaseiro 7k,2022,2,58.78,3.09,19,1595.0,151.03,0.0369,0.3892
GABRIELA MARTINS,Aframax,2022,2,711.2,28.45,25,7464.0,556.8,0.0953,1.2773
GISELLE CARVALHO,Suezmax,2022,2,1141.4,39.36,29,7460.6,586.84,0.153,1.945
HENRIQUE ALVES,Suezmax,2022,2,386.0,21.44,18,1845.5,344.9,0.2092,1.1192
LUCAS MENDONÇA,MR 2,2022,2,126.68,5.28,24,1394.54,175.85,0.0908,0.7204
MARCOS CAVALCANTI,Suezmax,2022,2,516.1,30.36,17,3864.0,298.41,0.1336,1.7295
MARIA VALENTINA,Gaseiro 7k,2022,2,179.28,6.9,26,5098.0,403.92,0.0352,0.4439
PAULO MOURA,Suezmax,2022,2,693.0,36.47,19,5097.0,521.47,0.136,1.3289
RAFAEL SANTOS,Suezmax,2022,2,729.0,40.5,18,4988.0,409.83,0.1462,1.7788
RAUL MARTINS,Suezmax,2022,2,996.2,36.9,27,6963.3,549.57,0.1431,1.8127
RENATO GOMES,Aframax,2022,2,641.55,26.73,24,4939.5,412.0,0.1299,1.5572
RICARDO BARBOSA,Gaseiro 7k,2022,2,135.55,4.84,28,3314.0,291.66,0.0409,0.4648
RODRIGO PINHEIRO,Aframax,2022,2,792.1,31.68,25,7334.0,548.22,0.108,1.4449
ROMARIO SILVA,MR 2,2022,2,184.68,8.79,21,2207.0,179.84,0.0837,1.0269
THIAGO FERNANDES,MR 2,2022,2,133.3,8.33,16,1213.0,191.09,0.1099,0.6976
TOTAL_FROTA,TODAS,2022,2,11511.01,23.78,484,94759.64,8387.56,0.1215,1.3724
VICTOR OLIVEIRA,Suezmax,2022,2,835.55,26.11,32,4002.5,597.3,0.2088,1.3989
BRUNO LIMA,Gaseiro 7k,2022,3,140.69,4.69,30,3940.5,312.57,0.0357,0.4501
CARLA SILVA,Aframax,2022,3,997.25,32.17,31,7067.0,636.0,0.1411,1.568
DANIEL PEREIRA,Aframax,2022,3,330.0,22.0,15,2706.0,289.82,0.122,1.1386
EDUARDO COSTA,MR 2,2022,3,265.13,9.82,27,4879.02,228.5,0.0543,1.1603
FELIPE RIBEIRO,Suezmax,2022,3,735.0,27.22,27,3677.0,487.16,0.1999,1.5087
FÁBIO SANTOS,Gaseiro 7k,2022,3,105.97,4.08,26,2551.4,247.0,0.0415,0.429
GABRIELA MARTINS,Aframax,2022,3,471.7,18.14,26,3428.0,336.37,0.1376,1.4023
GISELLE CARVALHO,Suezmax,2022,3,966.6,29.29,33,6165.8,498.77,0.1568,1.938
HENRIQUE ALVES,Suezmax,2022,3,757.0,23.66,32,3514.0,428.43,0.2154,1.7669
LUCAS MENDONÇA,MR 2,2022,3,183.96,7.66,24,2308.4,197.35,0.0797,0.9322
MARCOS CAVALCANTI,Suezmax,2022,3,884.85,29.5,30,7085.0,575.24,0.1249,1.5382
MARIA VALENTINA,Gaseiro 7k,2022,3,152.62,5.65,27,4263.5,572.25,0.0358,0.2667
PAULO MOURA,Suezmax,2022,3,863.0,43.15,20,5521.0,527.8,0.1563,1.6351
RAFAEL SANTOS,Suezmax,2022,3,542.0,36.13,15,3455.0,311.83,0.1569,1.7381
RAUL MARTINS,Suezmax,2022,3,625.2,27.18,23,5201.2,463.48,0.1202,1.3489
RENATO GOMES,Aframax,2022,3,1207.95,34.51,35,8274.0,741.1,0.146,1.6299
RICARDO BARBOSA,Gaseiro 7k,2022,3,203.99,4.98,41,5400.0,481.58,0.0378,0.4236
RODRIGO PINHEIRO,Aframax,2022,3,719.62,23.99,30,6617.5,520.55,0.1087,1.3824
ROMARIO SILVA,MR 2,2022,3,367.77,12.26,30,4056.15,357.89,0.0907,1.0276
THIAGO FERNANDES,MR 2,2022,3,237.62,12.51,19,3143.0,228.08,0.0756,1.0418
TOTAL_FROTA,TODAS,2022,3,12243.91,21.29,575,101404.47,9116.97,0.1207,1.343
VICTOR OLIVEIRA,Suezmax,2022,3,1486.0,43.71,34,8151.0,675.2,0.1823,2.2008
BRUNO LIMA,Gaseiro 7k,2022,4,219.64,5.94,37,6049.0,489.84,0.0363,0.4484
CARLA SILVA,Aframax,2022,4,891.5,29.72,30,7491.0,603.2,0.119,1.478
DANIEL PEREIRA,Aframax,2022,4,694.0,28.92,24,5327.0,473.19,0.1303,1.4666
EDUARDO COSTA,MR 2,2022,4,326.95,19.23,17,3468.0,269.01,0.0943,1.2154
FELIPE RIBEIRO,Suezmax,2022,4,1591.0,51.32,31,8174.0,720.0,0.1946,2.2097
FÁBIO SANTOS,Gaseiro 7k,2022,4,82.53,4.34,19,2155.5,175.99,0.0383,0.4689
GABRIELA MARTINS,Aframax,2022,4,989.0,36.63,27,6862.0,600.77,0.1441,1.6462
GISELLE CARVALHO,Suezmax,2022,4,1048.4,40.32,26,6844.55,515.58,0.1532,2.0334
HENRIQUE ALVES,Suezmax,2022,4,604.0,22.37,27,3300.0,420.9,0.183,1.435
LUCAS MENDONÇA,MR 2,2022,4,191.4,7.66,25,2372.7,201.25,0.0807,0.9511
MARCOS CAVALCANTI,Suezmax,2022,4,608.95,26.48,23,4287.0,399.5,0.142,1.5243
MARIA VALENTINA,Gaseiro 7k,2022,4,6.07,1.21,5,109.0,12.25,0.0557,0.4955
PAULO MOURA,Suezmax,2022,4,482.95,21.0,23,3245.4,271.47,0.1488,1.779
RAFAEL SANTOS,Suezmax,2022,4,1269.0,52.88,24,6598.0,571.25,0.1923,2.2214
RAUL MARTINS,Suezmax,2022,4,943.0,42.86,22,5609.0,463.4,0.1681,2.035
RENATO GOMES,Aframax,2022,4,603.13,26.22,23,4601.9,381.0,0.1311,1.583
RICARDO BARBOSA,Gaseiro 7k,2022,4,95.1,3.52,27,2809.0,262.17,0.0339,0.3627
RODRIGO PINHEIRO,Aframax,2022,4,716.52,28.66,25,5851.6,502.43,0.1224,1.4261
ROMARIO SILVA,MR 2,2022,4,280.74,10.4,27,3501.9,262.33,0.0802,1.0702
THIAGO FERNANDES,MR 2,2022,4,192.44,10.13,19,2243.0,180.4,0.0858,1.0667
TOTAL_FROTA,TODAS,2022,4,12828.32,25.4,505,97178.55,8253.26,0.132,1.5543
VICTOR OLIVEIRA,Suezmax,2022,4,992.0,41.33,24,6279.0,477.33,0.158,2.0782
BRUNO LIMA,Gaseiro 7k,2022,5,178.66,5.76,31,5136.5,397.15,0.0348,0.4499
CARLA SILVA,Aframax,2022,5,480.5,25.29,19,3426.0,311.7,0.1403,1.5415
DANIEL PEREIRA,Aframax,2022,5,652.0,31.05,21,5619.0,492.25,0.116,1.3245
EDUARDO COSTA,MR 2,2022,5,227.31,16.24,14,2076.5,203.93,0.1095,1.1146
FELIPE RIBEIRO,Suezmax,2022,5,424.39,19.29,22,2211.0,225.01,0.1919,1.8861
FÁBIO SANTOS,Gaseiro 7k,2022,5,133.8,4.18,32,4062.4,342.32,0.0329,0.3909
GABRIELA MARTINS,Aframax,2022,5,428.0,21.4,20,3927.0,303.74,0.109,1.4091
GISELLE CARVALHO,Suezmax,2022,5,825.9,45.88,18,4980.8,395.17,0.1658,2.09
HENRIQUE ALVES,Suezmax,2022,5,370.0,13.21,28,1853.0,309.6,0.1997,1.1951
LUCAS MENDONÇA,MR 2,2022,5,467.7,12.99,36,4723.6,430.6,0.099,1.0862
MARCOS CAVALCANTI,Suezmax,2022,5,479.0,17.74,27,3516.0,295.9,0.1362,1.6188
MARIA VALENTINA,Gaseiro 7k,2022,5,165.28,6.36,26,3914.0,336.84,0.0422,0.4907
PAULO MOURA,Suezmax,2022,5,958.96,36.88,26,6342.5,532.7,0.1512,1.8002
RAFAEL SANTOS,Suezmax,2022,5,585.0,27.86,21,4789.0,388.22,0.1222,1.5069
RAUL MARTINS,Suezmax,2022,5,432.0,36.0,12,2654.7,209.24,0.1627,2.0646
RENATO GOMES,Aframax,2022,5,642.42,26.77,24,6365.3,515.48,0.1009,1.2463
RICARDO BARBOSA,Gaseiro 7k,2022,5,139.68,4.36,32,3978.5,351.71,0.0351,0.3971
RODRIGO PINHEIRO,Aframax,2022,5,731.88,27.11,27,5494.8,488.5,0.1332,1.4982
ROMARIO SILVA,MR 2,2022,5,288.9,9.32,31,3178.0,358.2,0.0909,0.8065
THIAGO FERNANDES,MR 2,2022,5,359.85,13.84,26,4324.0,324.26,0.0832,1.1098
TOTAL_FROTA,TODAS,2022,5,9631.19,18.85,511,86384.6,7542.69,0.1115,1.2769
VICTOR OLIVEIRA,Suezmax,2022,5,659.96,36.66,18,3812.0,330.17,0.1731,1.9988
BRUNO LIMA,Gaseiro 7k,2022,6,140.64,4.4,32,3884.0,312.91,0.0362,0.4495
CARLA SILVA,Aframax,2022,6,1184.0,39.47,30,7515.0,714.0,0.1576,1.6583
DANIEL PEREIRA,Aframax,2022,6,1050.0,40.38,26,6728.0,652.91,0.1561,1.6082
EDUARDO COSTA,MR 2,2022,6,305.0,14.52,21,3460.0,277.09,0.0882,1.1007
FELIPE RIBEIRO,Suezmax,2022,6,337.1,16.86,20,1934.5,170.63,0.1743,1.9756
FÁBIO SANTOS,Gaseiro 7k,2022,6,117.4,4.05,29,3307.0,288.72,0.0355,0.4066
GABRIELA MARTINS,Aframax,2022,6,1232.0,39.74,31,8773.0,706.0,0.1404,1.745
GISELLE CARVALHO,Suezmax,2022,6,1071.0,41.19,26,6796.0,524.96,0.1576,2.0402
HENRIQUE ALVES,Suezmax,2022,6,599.0,23.96,25,2785.0,299.0,0.2151,2.0033
LUCAS MENDONÇA,MR 2,2022,6,245.05,10.65,23,2185.5,205.1,0.1121,1.1948
MARCOS CAVALCANTI,Suezmax,2022,6,871.82,30.06,29,6082.0,543.81,0.1433,1.6032
MARIA VALENTINA,Gaseiro 7k,2022,6,141.68,4.29,33,3706.0,288.12,0.0382,0.4917
PAULO MOURA,Suezmax,2022,6,266.7,26.67,10,2041.0,174.9,0.1307,1.5249
RAFAEL SANTOS,Suezmax,2022,6,237.0,21.55,11,2291.0,892.0,0.1034,0.2657
RAUL MARTINS,Suezmax,2022,6,1212.0,40.4,30,7934.5,627.75,0.1528,1.9307
RENATO GOMES,Aframax,2022,6,593.17,19.77,30,4879.64,517.67,0.1216,1.1458
RICARDO BARBOSA,Gaseiro 7k,2022,6,184.03,5.58,33,4754.0,407.67,0.0387,0.4514
RODRIGO PINHEIRO,Aframax,2022,6,457.4,16.94,27,4024.4,313.52,0.1137,1.4589
ROMARIO SILVA,MR 2,2022,6,526.81,13.86,38,4799.0,727.45,0.1098,0.7242
THIAGO FERNANDES,MR 2,2022,6,421.63,15.62,27,5121.0,374.48,0.0823,1.1259
TOTAL_FROTA,TODAS,2022,6,11713.25,21.34,549,96826.54,9312.69,0.121,1.2578
VICTOR OLIVEIRA,Suezmax,2022,6,519.82,28.88,18,3826.0,294.0,0.1359,1.7681
BRUNO LIMA,Gaseiro 7k,2022,7,145.18,4.84,30,4056.0,329.15,0.0358,0.4411
CARLA SILVA,Aframax,2022,7,154.0,12.83,12,1019.9,229.57,0.151,0.6708
DANIEL PEREIRA,Aframax,2022,7,335.0,37.22,9,2394.0,200.0,0.1399,1.675
EDUARDO COSTA,MR 2,2022,7,231.05,11.55,20,2466.0,205.09,0.0937,1.1266
FELIPE RIBEIRO,Suezmax,2022,7,603.8,20.82,29,3447.0,319.05,0.1752,1.8925
FÁBIO SANTOS,Gaseiro 7k,2022,7,218.22,5.9,37,5564.0,471.65,0.0392,0.4627
GABRIELA MARTINS,Aframax,2022,7,337.72,21.11,16,2866.6,229.12,0.1178,1.474
GISELLE CARVALHO,Suezmax,2022,7,1378.5,47.53,29,8511.0,634.2,0.162,2.1736
HENRIQUE ALVES,Suezmax,2022,7,1157.0,42.85,27,4964.0,619.1,0.2331,1.8688
LUCAS MENDONÇA,MR 2,2022,7,384.6,10.99,35,4547.44,391.94,0.0846,0.9813
MARCOS CAVALCANTI,Suezmax,2022,7,726.5,22.02,33,6278.5,616.56,0.1157,1.1783
MARIA VALENTINA,Gaseiro 7k,2022,7,196.16,5.45,36,5133.5,529.42,0.0382,0.3705
PAULO MOURA,Suezmax,2022,7,831.0,37.77,22,5454.0,499.0,0.1524,1.6653
RAFAEL SANTOS,Suezmax,2022,7,844.31,40.21,21,5692.0,413.0,0.1483,2.0443
RAUL MARTINS,Suezmax,2022,7,1245.25,36.62,34,8021.0,681.0,0.1552,1.8286
RENATO GOMES,Aframax,2022,7,655.32,28.49,23,4764.1,412.7,0.1376,1.5879
RICARDO BARBOSA,Gaseiro 7k,2022,7,102.27,5.68,18,2505.0,267.0,0.0408,0.383
RODRIGO PINHEIRO,Aframax,2022,7,1158.02,35.09,33,8087.5,704.1,0.1432,1.6447
ROMARIO SILVA,MR 2,2022,7,551.7,12.26,45,5289.5,780.7,0.1043,0.7067
THIAGO FERNANDES,MR 2,2022,7,383.75,12.38,31,4385.0,361.42,0.0875,1.0618
TOTAL_FROTA,TODAS,2022,7,12785.68,22.71,563,101516.04,9412.07,0.1259,1.3584
VICTOR OLIVEIRA,Suezmax,2022,7,1146.33,49.84,23,6070.0,518.3,0.1889,2.2117
BRUNO LIMA,Gaseiro 7k,2022,8,111.68,3.85,29,3168.0,254.49,0.0353,0.4388
CARLA SILVA,Aframax,2022,8,1033.0,34.43,30,6717.0,669.5,0.1538,1.5429
DANIEL PEREIRA,Aframax,2022,8,747.0,39.32,19,5802.0,484.13,0.1287,1.543
EDUARDO COSTA,MR 2,2022,8,287.24,13.68,21,3094.0,313.9,0.0928,0.9151
FELIPE RIBEIRO,Suezmax,2022,8,384.5,20.24,19,2165.0,182.23,0.1776,2.11
FÁBIO SANTOS,Gaseiro 7k,2022,8,125.87,7.4,17,3668.0,295.34,0.0343,0.4262
GABRIELA MARTINS,Aframax,2022,8,983.5,36.43,27,6586.0,580.49,0.1493,1.6943
GISELLE CARVALHO,Suezmax,2022,8,582.0,32.33,18,4437.0,332.39,0.1312,1.751
HENRIQUE ALVES,Suezmax,2022,8,1239.0,38.72,32,5526.5,633.9,0.2242,1.9546
LUCAS MENDONÇA,MR 2,2022,8,362.88,12.96,28,4729.5,378.8,0.0767,0.958
MARCOS CAVALCANTI,Suezmax,2022,8,1072.0,33.5,32,8168.0,742.6,0.1312,1.4436
MARIA VALENTINA,Gaseiro 7k,2022,8,130.13,3.34,39,3611.0,638.18,0.036,0.2039
PAULO MOURA,Suezmax,2022,8,535.5,35.7,15,3633.0,362.0,0.1474,1.4793
RAFAEL SANTOS,Suezmax,2022,8,1382.36,46.08,30,8307.0,658.55,0.1664,2.0991
RAUL MARTINS,Suezmax,2022,8,541.4,22.56,24,3734.7,348.75,0.145,1.5524
RENATO GOMES,Aframax,2022,8,916.65,27.78,33,6920.4,555.35,0.1325,1.6506
RICARDO BARBOSA,Gaseiro 7k,2022,8,208.28,7.18,29,4332.0,424.16,0.0481,0.491
RODRIGO PINHEIRO,Aframax,2022,8,362.0,15.08,24,2603.5,534.15,0.139,0.6777
ROMARIO SILVA,MR 2,2022,8,88.59,3.41,26,1110.54,150.41,0.0798,0.589
THIAGO FERNANDES,MR 2,2022,8,248.35,8.28,30,2987.0,251.05,0.0831,0.9892
TOTAL_FROTA,TODAS,2022,8,12097.51,22.12,547,97002.14,9334.04,0.1247,1.2961
VICTOR OLIVEIRA,Suezmax,2022,8,755.57,30.22,25,5702.0,543.67,0.1325,1.3898
BRUNO LIMA,Gaseiro 7k,2022,9,159.66,5.51,29,4556.48,354.49,0.035,0.4504
CARLA SILVA,Aframax,2022,9,964.8,34.46,28,6514.0,593.3,0.1481,1.6262
DANIEL PEREIRA,Aframax,2022,9,830.0,36.09,23,5712.2,501.1,0.1453,1.6564
EDUARDO COSTA,MR 2,2022,9,274.19,9.79,28,3037.0,242.05,0.0903,1.1328
FELIPE RIBEIRO,Suezmax,2022,9,1359.3,50.34,27,5962.0,581.9,0.228,2.336
FÁBIO SANTOS,Gaseiro 7k,2022,9,151.58,5.41,28,3847.0,311.74,0.0394,0.4862
GABRIELA MARTINS,Aframax,2022,9,368.1,19.37,19,3380.0,278.72,0.1089,1.3207
GISELLE CARVALHO,Suezmax,2022,9,374.0,26.71,14,1799.0,178.25,0.2079,2.0982
HENRIQUE ALVES,Suezmax,2022,9,401.0,25.06,16,1811.0,410.0,0.2214,0.978
LUCAS MENDONÇA,MR 2,2022,9,183.99,4.38,42,2433.0,197.43,0.0756,0.9319
MARCOS CAVALCANTI,Suezmax,2022,9,623.0,28.32,22,4082.0,465.07,0.1526,1.3396
MARIA VALENTINA,Gaseiro 7k,2022,9,107.86,3.85,28,2527.0,427.59,0.0427,0.2523
PAULO MOURA,Suezmax,2022,9,1210.0,41.72,29,7615.0,689.97,0.1589,1.7537
RAFAEL SANTOS,Suezmax,2022,9,462.5,20.11,23,3406.0,264.75,0.1358,1.7469
RAUL MARTINS,Suezmax,2022,9,979.9,32.66,30,5682.9,484.73,0.1724,2.0215
RENATO GOMES,Aframax,2022,9,679.13,24.25,28,5520.1,458.71,0.123,1.4805
RICARDO BARBOSA,Gaseiro 7k,2022,9,157.59,4.38,36,3552.0,478.43,0.0444,0.3294
RODRIGO PINHEIRO,Aframax,2022,9,626.32,22.37,28,5674.0,453.99,0.1104,1.3796
ROMARIO SILVA,MR 2,2022,9,185.5,10.31,18,2211.2,176.77,0.0839,1.0494
THIAGO FERNANDES,MR 2,2022,9,144.27,5.15,28,1553.0,220.93,0.0929,0.653
TOTAL_FROTA,TODAS,2022,9,11283.69,20.7,545,87415.88,8234.92,0.1291,1.3702
VICTOR OLIVEIRA,Suezmax,2022,9,1041.0,49.57,21,6541.0,465.0,0.1591,2.2387
BRUNO LIMA,Gaseiro 7k,2022,10,124.41,5.66,22,3788.0,292.08,0.0328,0.4259
CARLA SILVA,Aframax,2022,10,221.7,13.86,16,1650.0,144.55,0.1344,1.5337
DANIEL PEREIRA,Aframax,2022,10,422.0,22.21,19,3081.5,265.0,0.1369,1.5925
EDUARDO COSTA,MR 2,2022,10,110.93,5.84,19,1120.0,99.42,0.099,1.1158
FELIPE RIBEIRO,Suezmax,2022,10,1212.5,35.66,34,5605.0,542.1,0.2163,2.2367
FÁBIO SANTOS,Gaseiro 7k,2022,10,185.76,7.14,26,4636.0,369.27,0.0401,0.503
GABRIELA MARTINS,Aframax,2022,10,381.9,21.22,18,3678.0,311.07,0.1038,1.2277
GISELLE CARVALHO,Suezmax,2022,10,804.0,36.55,22,5941.0,429.66,0.1353,1.8712
LUCAS MENDONÇA,MR 2,2022,10,432.2,14.9,29,4433.0,330.57,0.0975,1.3074
MARCOS CAVALCANTI,Suezmax,2022,10,353.8,27.22,13,2369.0,236.0,0.1493,1.4992
MARIA VALENTINA,Gaseiro 7k,2022,10,232.16,6.83,34,5629.0,472.43,0.0412,0.4914
PAULO MOURA,Suezmax,2022,10,750.5,46.91,16,4304.0,379.58,0.1744,1.9772
RAFAEL SANTOS,Suezmax,2022,10,577.3,26.24,22,4130.1,332.83,0.1398,1.7345
RAUL MARTINS,Suezmax,2022,10,1307.7,42.18,31,7493.6,631.5,0.1745,2.0708
RENATO GOMES,Aframax,2022,10,354.8,25.34,14,2429.0,207.56,0.1461,1.7094
RICARDO BARBOSA,Gaseiro 7k,2022,10,168.72,4.22,40,5441.0,483.84,0.031,0.3487
RODRIGO PINHEIRO,Aframax,2022,10,991.82,34.2,29,7266.0,612.12,0.1365,1.6203
ROMARIO SILVA,MR 2,2022,10,327.6,8.4,39,4233.1,354.99,0.0774,0.9228
THIAGO FERNANDES,MR 2,2022,10,364.6,11.39,32,3760.0,343.12,0.097,1.0626
TOTAL_FROTA,TODAS,2022,10,9994.41,20.03,499,85216.3,7337.31,0.1173,1.3621
VICTOR OLIVEIRA,Suezmax,2022,10,670.0,27.92,24,4229.0,499.62,0.1584,1.341
BRUNO LIMA,Gaseiro 7k,2022,11,93.69,3.6,26,2573.06,256.57,0.0364,0.3652
CARLA SILVA,Aframax,2022,11,286.5,10.61,27,2239.0,232.44,0.128,1.2326
DANIEL PEREIRA,Aframax,2022,11,899.0,32.11,28,6405.0,509.4,0.1404,1.7648
EDUARDO COSTA,MR 2,2022,11,654.49,24.24,27,6770.0,508.85,0.0967,1.2862
FELIPE RIBEIRO,Suezmax,2022,11,922.0,40.09,23,4195.5,402.92,0.2198,2.2883
FÁBIO SANTOS,Gaseiro 7k,2022,11,137.85,3.83,36,4476.0,346.64,0.0308,0.3977
GABRIELA MARTINS,Aframax,2022,11,1182.7,39.42,30,8657.0,678.4,0.1366,1.7434
GISELLE CARVALHO,Suezmax,2022,11,1038.8,32.46,32,6560.05,567.76,0.1584,1.8296
HENRIQUE ALVES,Suezmax,2022,11,733.0,31.87,23,5851.5,497.6,0.1253,1.4731
LUCAS MENDONÇA,MR 2,2022,11,245.58,17.54,14,2540.0,187.23,0.0967,1.3116
MARCOS CAVALCANTI,Suezmax,2022,11,670.7,30.49,22,4843.5,387.1,0.1385,1.7326
MARIA VALENTINA,Gaseiro 7k,2022,11,129.71,6.18,21,3139.4,259.68,0.0413,0.4995
PAULO MOURA,Suezmax,2022,11,33.87,16.93,2,340.0,28.0,0.0996,1.2096
RAFAEL SANTOS,Suezmax,2022,11,471.05,29.44,16,3115.8,287.6,0.1512,1.6379
RAUL MARTINS,Suezmax,2022,11,130.1,10.84,12,969.1,83.5,0.1342,1.5581
RENATO GOMES,Aframax,2022,11,992.38,25.45,39,6919.1,598.53,0.1434,1.658
RICARDO BARBOSA,Gaseiro 7k,2022,11,204.6,7.87,26,5950.0,494.58,0.0344,0.4137
RODRIGO PINHEIRO,Aframax,2022,11,644.64,17.91,36,5686.5,474.01,0.1134,1.36
ROMARIO SILVA,MR 2,2022,11,295.42,10.55,28,3496.46,983.85,0.0845,0.3003
TOTAL_FROTA,TODAS,2022,11,10115.08,20.86,485,87452.47,8171.16,0.1157,1.2379
VICTOR OLIVEIRA,Suezmax,2022,11,349.0,20.53,17,2725.5,386.5,0.128,0.903
BRUNO LIMA,Gaseiro 7k,2022,12,133.39,5.34,25,4087.0,300.26,0.0326,0.4442
CARLA SILVA,Aframax,2022,12,38.1,3.18,12,309.0,29.6,0.1233,1.2872
DANIEL PEREIRA,Aframax,2022,12,220.0,9.57,23,2107.3,228.21,0.1044,0.964
EDUARDO COSTA,MR 2,2022,12,191.81,8.72,22,1778.0,170.35,0.1079,1.126
FELIPE RIBEIRO,Suezmax,2022,12,1351.6,51.98,26,6076.0,579.83,0.2224,2.331
FÁBIO SANTOS,Gaseiro 7k,2022,12,137.05,4.15,33,3808.0,323.51,0.036,0.4236
GABRIELA MARTINS,Aframax,2022,12,664.5,26.58,25,5018.0,493.12,0.1324,1.3475
GISELLE CARVALHO,Suezmax,2022,12,783.23,26.11,30,5025.5,544.64,0.1559,1.4381
HENRIQUE ALVES,Suezmax,2022,12,926.0,31.93,29,6494.6,531.8,0.1426,1.7413
LUCAS MENDONÇA,MR 2,2022,12,96.18,4.58,21,1098.1,103.39,0.0876,0.9303
MARCOS CAVALCANTI,Suezmax,2022,12,430.5,15.94,27,2751.0,302.96,0.1565,1.421
MARIA VALENTINA,Gaseiro 7k,2022,12,122.74,3.96,31,2763.0,328.75,0.0444,0.3734
PAULO MOURA,Suezmax,2022,12,938.5,39.1,24,6831.0,521.33,0.1374,1.8002
RAFAEL SANTOS,Suezmax,2022,12,778.38,26.84,29,5513.0,445.0,0.1412,1.7492
RAUL MARTINS,Suezmax,2022,12,150.1,25.02,6,1242.1,98.8,0.1208,1.5192
RENATO GOMES,Aframax,2022,12,470.24,19.59,24,3780.2,304.35,0.1244,1.5451
RICARDO BARBOSA,Gaseiro 7k,2022,12,159.1,4.82,33,3271.0,331.73,0.0486,0.4796
RODRIGO PINHEIRO,Aframax,2022,12,657.91,21.22,31,6205.5,503.9,0.106,1.3056
ROMARIO SILVA,MR 2,2022,12,362.05,12.93,28,3498.42,315.76,0.1035,1.1466
TOTAL_FROTA,TODAS,2022,12,8884.38,18.06,492,73243.72,6675.53,0.1213,1.3309
VICTOR OLIVEIRA,Suezmax,2022,12,273.0,21.0,13,1587.0,218.24,0.172,1.2509
BRUNO LIMA,Gaseiro 7k,2023,1,240.43,5.86,41,6710.0,541.42,0.0358,0.4441
CARLA SILVA,Aframax,2023,1,58.0,5.8,10,365.5,43.2,0.1587,1.3426
DANIEL PEREIRA,Aframax,2023,1,1157.0,39.9,29,7762.0,626.59,0.1491,1.8465
EDUARDO COSTA,MR 2,2023,1,262.31,8.46,31,3278.0,253.4,0.08,1.0352
FELIPE RIBEIRO,Suezmax,2023,1,957.0,36.81,26,5092.7,478.67,0.1879,1.9993
FÁBIO SANTOS,Gaseiro 7k,2023,1,204.69,6.02,34,5996.5,493.74,0.0341,0.4146
GABRIELA MARTINS,Aframax,2023,1,393.3,17.88,22,3292.0,322.32,0.1195,1.2202
GISELLE CARVALHO,Suezmax,2023,1,382.8,12.35,31,2492.5,270.22,0.1536,1.4166
HENRIQUE ALVES,Suezmax,2023,1,720.0,24.83,29,4980.0,415.28,0.1446,1.7338
LUCAS MENDONÇA,MR 2,2023,1,433.5,14.45,30,4178.3,325.44,0.1038,1.332
MARCOS CAVALCANTI,Suezmax,2023,1,545.0,20.19,27,4037.0,331.46,0.135,1.6442
MARIA VALENTINA,Gaseiro 7k,2023,1,101.98,2.91,35,3760.0,527.34,0.0271,0.1934
PAULO MOURA,Suezmax,2023,1,1155.0,39.83,29,8074.0,635.05,0.1431,1.8188
RAFAEL SANTOS,Suezmax,2023,1,714.0,28.56,25,5640.0,415.47,0.1266,1.7185
RAUL MARTINS,Suezmax,2023,1,181.0,7.54,24,1531.8,119.56,0.1182,1.5139
RENATO GOMES,Aframax,2023,1,996.66,27.68,36,8229.8,674.99,0.1211,1.4766
RICARDO BARBOSA,Gaseiro 7k,2023,1,168.18,5.26,32,3870.0,341.6,0.0435,0.4923
RODRIGO PINHEIRO,Aframax,2023,1,1190.81,37.21,32,9058.0,756.0,0.1315,1.5751
ROMARIO SILVA,MR 2,2023,1,234.96,15.66,15,3032.0,226.4,0.0775,1.0378
THIAGO FERNANDES,MR 2,2023,1,98.21,7.02,14,1088.5,88.35,0.0902,1.1116
TOTAL_FROTA,TODAS,2023,1,11196.32,19.07,587,98231.89,8421.62,0.114,1.3295
VICTOR OLIVEIRA,Suezmax,2023,1,1001.5,28.61,35,5763.29,535.12,0.1738,1.8715
BRUNO LIMA,Gaseiro 7k,2023,2,109.31,4.37,25,2921.0,254.62,0.0374,0.4293
CARLA SILVA,Aframax,2023,2,63.4,4.53,14,581.0,65.1,0.1091,0.9739
DANIEL PEREIRA,Aframax,2023,2,206.0,29.43,7,1586.0,137.33,0.1299,1.5
EDUARDO COSTA,MR 2,2023,2,94.48,5.56,17,1587.0,112.65,0.0595,0.8387
FELIPE RIBEIRO,Suezmax,2023,2,855.0,35.62,24,4950.0,533.7,0.1727,1.602
FÁBIO SANTOS,Gaseiro 7k,2023,2,201.05,6.49,31,5182.0,421.98,0.0388,0.4764
GABRIELA MARTINS,Aframax,2023,2,524.1,21.84,24,3655.0,412.46,0.1434,1.2707
GISELLE CARVALHO,Suezmax,2023,2,663.11,22.1,30,4504.6,352.75,0.1472,1.8798
HENRIQUE ALVES,Suezmax,2023,2,579.5,23.18,25,4460.0,331.13,0.1299,1.7501
LUCAS MENDONÇA,MR 2,2023,2,302.8,10.81,28,2979.7,257.27,0.1016,1.177
MARCOS CAVALCANTI,Suezmax,2023,2,748.0,29.92,25,5777.0,526.63,0.1295,1.4204
MARIA VALENTINA,Gaseiro 7k,2023,2,183.56,4.59,40,5354.0,569.41,0.0343,0.3224
PAULO MOURA,Suezmax,2023,2,922.0,38.42,24,6374.0,515.2,0.1447,1.7896
RAFAEL SANTOS,Suezmax,2023,2,504.6,33.64,15,3314.0,309.02,0.1523,1.6329
RAUL MARTINS,Suezmax,2023,2,883.0,40.14,22,4962.0,393.56,0.178,2.2436
RENATO GOMES,Aframax,2023,2,313.7,17.43,18,2818.5,251.38,0.1113,1.2479
RICARDO BARBOSA,Gaseiro 7k,2023,2,90.78,5.04,18,2560.0,364.42,0.0355,0.2491
RODRIGO PINHEIRO,Aframax,2023,2,379.0,13.54,28,3464.5,282.67,0.1094,1.3408
ROMARIO SILVA,MR 2,2023,2,129.0,6.79,19,1169.0,115.74,0.1104,1.1146
THIAGO FERNANDES,MR 2,2023,2,142.7,7.93,18,1658.0,127.45,0.0861,1.1197
TOTAL_FROTA,TODAS,2023,2,8563.58,17.99,476,73992.3,6886.57,0.1157,1.2435
VICTOR OLIVEIRA,Suezmax,2023,2,668.5,27.85,24,4135.0,552.1,0.1617,1.2108
BRUNO LIMA,Gaseiro 7k,2023,3,200.58,4.66,43,5660.75,476.22,0.0354,0.4212
CARLA SILVA,Aframax,2023,3,77.4,7.04,11,534.0,54.18,0.1449,1.4286
DANIEL PEREIRA,Aframax,2023,3,1260.0,42.0,30,7568.0,683.42,0.1665,1.8437
EDUARDO COSTA,MR 2,2023,3,132.6,11.05,12,1672.75,135.25,0.0793,0.9804
FELIPE RIBEIRO,Suezmax,2023,3,1322.3,37.78,35,6567.0,593.17,0.2014,2.2292
FÁBIO SANTOS,Gaseiro 7k,2023,3,146.21,5.22,28,4026.0,347.08,0.0363,0.4213
GABRIELA MARTINS,Aframax,2023,3,805.7,26.86,30,6210.5,583.97,0.1297,1.3797
GISELLE CARVALHO,Suezmax,2023,3,1044.0,37.29,28,6802.0,517.5,0.1535,2.0174
HENRIQUE ALVES,Suezmax,2023,3,355.0,10.76,33,2455.5,309.9,0.1446,1.1455
LUCAS MENDONÇA,MR 2,2023,3,256.55,10.26,25,2660.0,220.91,0.0964,1.1613
MARCOS CAVALCANTI,Suezmax,2023,3,869.0,26.33,33,5656.0,531.01,0.1536,1.6365
MARIA VALENTINA,Gaseiro 7k,2023,3,92.45,3.7,25,2551.0,304.51,0.0362,0.3036
PAULO MOURA,Suezmax,2023,3,382.33,27.31,14,2288.0,199.2,0.1671,1.9193
RAFAEL SANTOS,Suezmax,2023,3,893.6,44.68,20,5757.0,423.39,0.1552,2.1106
RAUL MARTINS,Suezmax,2023,3,826.6,41.33,20,4688.0,365.07,0.1763,2.2642
RENATO GOMES,Aframax,2023,3,1114.75,34.84,32,8655.0,741.9,0.1288,1.5026
RICARDO BARBOSA,Gaseiro 7k,2023,3,176.04,5.5,32,4944.0,590.89,0.0356,0.2979
RODRIGO PINHEIRO,Aframax,2023,3,911.36,30.38,30,6999.5,564.57,0.1302,1.6143
ROMARIO SILVA,MR 2,2023,3,65.0,10.83,6,738.0,57.59,0.0881,1.1287
THIAGO FERNANDES,MR 2,2023,3,320.65,13.94,23,3716.0,316.18,0.0863,1.0141
TOTAL_FROTA,TODAS,2023,3,12275.06,22.86,537,95412.0,8714.41,0.1287,1.4086
VICTOR OLIVEIRA,Suezmax,2023,3,1022.94,37.89,27,5263.0,698.5,0.1944,1.4645
BRUNO LIMA,Gaseiro 7k,2023,4,147.88,4.35,34,4159.9,337.91,0.0355,0.4376
CARLA SILVA,Aframax,2023,4,47.4,4.31,11,444.0,44.23,0.1068,1.0717
DANIEL PEREIRA,Aframax,2023,4,457.0,22.85,20,3803.0,293.97,0.1202,1.5546
EDUARDO COSTA,MR 2,2023,4,223.85,9.33,24,2351.0,234.77,0.0952,0.9535
FELIPE RIBEIRO,Suezmax,2023,4,988.4,31.88,31,5017.0,690.6,0.197,1.4312
FÁBIO SANTOS,Gaseiro 7k,2023,4,296.51,12.35,24,3085.0,246.98,0.0961,1.2005
GABRIELA MARTINS,Aframax,2023,4,581.5,21.54,27,5382.0,426.77,0.108,1.3626
GISELLE CARVALHO,Suezmax,2023,4,342.5,12.69,27,2406.0,182.56,0.1424,1.8761
HENRIQUE ALVES,Suezmax,2023,4,327.0,12.11,27,2221.8,280.66,0.1472,1.1651
LUCAS MENDONÇA,MR 2,2023,4,279.14,8.21,34,2861.0,306.43,0.0976,0.9109
MARCOS CAVALCANTI,Suezmax,2023,4,641.0,33.74,19,4927.0,397.47,0.1301,1.6127
MARIA VALENTINA,Gaseiro 7k,2023,4,96.85,4.4,22,2548.0,208.66,0.038,0.4642
PAULO MOURA,Suezmax,2023,4,1081.35,34.88,31,7984.0,609.4,0.1354,1.7745
RAFAEL SANTOS,Suezmax,2023,4,776.0,31.04,25,4778.0,424.58,0.1624,1.8277
RAUL MARTINS,Suezmax,2023,4,1123.0,41.59,27,6426.0,575.84,0.1748,1.9502
RENATO GOMES,Aframax,2023,4,400.45,20.02,20,3709.0,290.36,0.108,1.3792
RICARDO BARBOSA,Gaseiro 7k,2023,4,159.64,5.91,27,4428.0,363.92,0.0361,0.4387
RODRIGO PINHEIRO,Aframax,2023,4,468.49,21.3,22,3631.0,313.3,0.129,1.4953
THIAGO FERNANDES,MR 2,2023,4,186.5,13.32,14,2288.0,174.34,0.0815,1.0697
TOTAL_FROTA,TODAS,2023,4,9313.96,19.16,486,76327.7,6924.65,0.122,1.345
VICTOR OLIVEIRA,Suezmax,2023,4,689.5,34.48,20,3878.0,521.9,0.1778,1.3211
BRUNO LIMA,Gaseiro 7k,2023,5,166.6,4.63,36,4879.1,391.9,0.0341,0.4251
CARLA SILVA,Aframax,2023,5,34.15,3.1,11,349.4,28.27,0.0977,1.208
DANIEL PEREIRA,Aframax,2023,5,936.0,33.43,28,6690.0,564.14,0.1399,1.6592
EDUARDO COSTA,MR 2,2023,5,223.18,9.3,24,2171.0,183.87,0.1028,1.2138
FELIPE RIBEIRO,Suezmax,2023,5,799.0,33.29,24,3562.0,322.6,0.2243,2.4768
FÁBIO SANTOS,Gaseiro 7k,2023,5,114.17,3.94,29,3759.0,305.87,0.0304,0.3733
GABRIELA MARTINS,Aframax,2023,5,605.2,30.26,20,4418.0,376.92,0.137,1.6056
GISELLE CARVALHO,Suezmax,2023,5,376.7,12.99,29,2832.0,218.54,0.133,1.7237
HENRIQUE ALVES,Suezmax,2023,5,1299.0,43.3,30,8128.0,653.93,0.1598,1.9865
LUCAS MENDONÇA,MR 2,2023,5,386.87,12.09,32,4418.0,390.0,0.0876,0.992
MARCOS CAVALCANTI,Suezmax,2023,5,375.5,15.65,24,2879.0,345.66,0.1304,1.0863
MARIA VALENTINA,Gaseiro 7k,2023,5,100.24,5.01,20,2531.0,221.62,0.0396,0.4523
PAULO MOURA,Suezmax,2023,5,650.0,30.95,21,4084.0,355.98,0.1592,1.8259
RAFAEL SANTOS,Suezmax,2023,5,841.0,29.0,29,5610.0,454.67,0.1499,1.8497
RAUL MARTINS,Suezmax,2023,5,838.4,29.94,28,5456.4,471.2,0.1537,1.7793
RENATO GOMES,Aframax,2023,5,922.0,26.34,35,8031.0,666.2,0.1148,1.384
RICARDO BARBOSA,Gaseiro 7k,2023,5,102.23,3.79,27,2809.0,230.77,0.0364,0.443
RODRIGO PINHEIRO,Aframax,2023,5,797.2,24.16,33,7463.0,614.14,0.1068,1.2981
ROMARIO SILVA,MR 2,2023,5,2.5,1.25,2,32.0,6.0,0.0781,0.4167
THIAGO FERNANDES,MR 2,2023,5,172.49,5.75,30,2233.0,196.45,0.0772,0.878
TOTAL_FROTA,TODAS,2023,5,10446.94,19.79,528,85818.9,7501.56,0.1217,1.3926
VICTOR OLIVEIRA,Suezmax,2023,5,704.5,44.03,16,3484.0,502.83,0.2022,1.4011
BRUNO LIMA,Gaseiro 7k,2023,6,92.6,4.03,23,2567.19,220.26,0.0361,0.4204
CARLA SILVA,Aframax,2023,6,22.4,3.2,7,198.0,17.7,0.1131,1.2655
DANIEL PEREIRA,Aframax,2023,6,704.0,26.07,27,5026.0,430.23,0.1401,1.6363
EDUARDO COSTA,MR 2,2023,6,287.07,12.48,23,3533.0,294.75,0.0813,0.9739
FELIPE RIBEIRO,Suezmax,2023,6,981.62,28.87,34,5160.0,448.7,0.1902,2.1877
FÁBIO SANTOS,Gaseiro 7k,2023,6,118.96,4.25,28,3165.0,341.9,0.0376,0.3479
GABRIELA MARTINS,Aframax,2023,6,828.46,30.68,27,6193.0,541.35,0.1338,1.5304
GISELLE CARVALHO,Suezmax,2023,6,1083.8,33.87,32,7414.0,575.58,0.1462,1.883
HENRIQUE ALVES,Suezmax,2023,6,671.0,23.14,29,4417.3,356.6,0.1519,1.8817
LUCAS MENDONÇA,MR 2,2023,6,471.33,13.47,35,4309.0,432.5,0.1094,1.0898
MARCOS CAVALCANTI,Suezmax,2023,6,619.0,19.97,31,4202.0,405.0,0.1473,1.5284
MARIA VALENTINA,Gaseiro 7k,2023,6,15.47,1.72,9,419.0,84.91,0.0369,0.1822
PAULO MOURA,Suezmax,2023,6,573.5,22.06,26,4307.1,352.2,0.1332,1.6283
RAFAEL SANTOS,Suezmax,2023,6,870.5,22.32,39,6340.0,488.9,0.1373,1.7805
RAUL MARTINS,Suezmax,2023,6,1181.75,38.12,31,6415.1,597.0,0.1842,1.9795
RENATO GOMES,Aframax,2023,6,392.09,24.51,16,3329.0,337.2,0.1178,1.1628
RICARDO BARBOSA,Gaseiro 7k,2023,6,189.51,7.02,27,4352.0,376.43,0.0435,0.5034
RODRIGO PINHEIRO,Aframax,2023,6,707.91,30.78,23,4886.0,417.6,0.1449,1.6952
ROMARIO SILVA,MR 2,2023,6,117.5,7.34,16,1538.0,122.09,0.0764,0.9624
THIAGO FERNANDES,MR 2,2023,6,403.18,12.6,32,5043.0,371.49,0.0799,1.0853
TOTAL_FROTA,TODAS,2023,6,10331.65,20.06,515,82813.69,7212.39,0.1248,1.4325
BRUNO LIMA,Gaseiro 7k,2023,7,160.9,4.23,38,5145.0,400.91,0.0313,0.4013
CARLA SILVA,Aframax,2023,7,243.4,16.23,15,2061.0,182.1,0.1181,1.3366
DANIEL PEREIRA,Aframax,2023,7,1017.75,30.84,33,7170.0,651.76,0.1419,1.5615
EDUARDO COSTA,MR 2,2023,7,136.1,8.51,16,1871.0,163.67,0.0727,0.8316
FELIPE RIBEIRO,Suezmax,2023,7,448.2,21.34,21,2230.0,220.3,0.201,2.0345
FÁBIO SANTOS,Gaseiro 7k,2023,7,138.4,4.94,28,3606.0,317.03,0.0384,0.4366
GABRIELA MARTINS,Aframax,2023,7,746.86,29.87,25,5757.0,484.5,0.1297,1.5415
GISELLE CARVALHO,Suezmax,2023,7,817.3,29.19,28,5077.1,524.22,0.161,1.5591
HENRIQUE ALVES,Suezmax,2023,7,1230.0,42.41,29,8050.0,644.15,0.1528,1.9095
LUCAS MENDONÇA,MR 2,2023,7,412.2,14.72,28,4800.5,400.47,0.0859,1.0293
MARCOS CAVALCANTI,Suezmax,2023,7,304.3,14.49,21,2129.4,212.7,0.1429,1.4307
MARIA VALENTINA,Gaseiro 7k,2023,7,150.8,3.87,39,4410.0,570.34,0.0342,0.2644
PAULO MOURA,Suezmax,2023,7,687.63,21.49,32,4492.0,382.59,0.1531,1.7973
RAFAEL SANTOS,Suezmax,2023,7,478.27,22.77,21,3442.5,283.0,0.1389,1.69
RAUL MARTINS,Suezmax,2023,7,1133.87,42.0,27,6099.0,537.3,0.1859,2.1103
RENATO GOMES,Aframax,2023,7,670.78,29.16,23,5846.0,657.6,0.1147,1.02
RICARDO BARBOSA,Gaseiro 7k,2023,7,121.0,4.65,26,2929.0,626.57,0.0413,0.1931
RODRIGO PINHEIRO,Aframax,2023,7,801.55,28.63,28,6018.0,495.53,0.1332,1.6176
ROMARIO SILVA,MR 2,2023,7,110.0,7.86,14,1434.5,124.26,0.0767,0.8852
THIAGO FERNANDES,MR 2,2023,7,327.6,14.89,22,3705.0,294.83,0.0884,1.1111
TOTAL_FROTA,TODAS,2023,7,11005.05,20.3,542,93364.5,8764.66,0.1179,1.2556
VICTOR OLIVEIRA,Suezmax,2023,7,868.14,31.0,28,7091.5,590.83,0.1224,1.4694
BRUNO LIMA,Gaseiro 7k,2023,8,91.18,6.51,14,3088.0,235.25,0.0295,0.3876
CARLA SILVA,Aframax,2023,8,233.2,10.14,23,2229.0,208.97,0.1046,1.1159
DANIEL PEREIRA,Aframax,2023,8,183.0,7.96,23,2403.0,326.21,0.0762,0.561
EDUARDO COSTA,MR 2,2023,8,313.49,10.45,30,3509.0,298.7,0.0893,1.0495
FELIPE RIBEIRO,Suezmax,2023,8,372.12,11.28,33,1927.0,197.87,0.1931,1.8806
FÁBIO SANTOS,Gaseiro 7k,2023,8,111.19,3.71,30,3529.0,294.26,0.0315,0.3779
GABRIELA MARTINS,Aframax,2023,8,1058.82,28.62,37,7820.0,708.51,0.1354,1.4944
GISELLE CARVALHO,Suezmax,2023,8,642.5,20.73,31,3865.6,336.63,0.1662,1.9086
HENRIQUE ALVES,Suezmax,2023,8,799.0,27.55,29,5323.5,517.33,0.1501,1.5445
LUCAS MENDONÇA,MR 2,2023,8,178.92,6.63,27,2766.0,252.8,0.0647,0.7078
MARCOS CAVALCANTI,Suezmax,2023,8,1093.04,34.16,32,8152.0,725.83,0.1341,1.5059
MARIA VALENTINA,Gaseiro 7k,2023,8,137.85,5.11,27,3869.0,304.06,0.0356,0.4534
PAULO MOURA,Suezmax,2023,8,673.95,26.96,25,4470.4,374.45,0.1508,1.7998
RAFAEL SANTOS,Suezmax,2023,8,585.0,25.43,23,5062.0,376.4,0.1156,1.5542
RAUL MARTINS,Suezmax,2023,8,858.0,37.3,23,5391.0,428.56,0.1592,2.0021
RENATO GOMES,Aframax,2023,8,315.93,21.06,15,2483.0,427.11,0.1272,0.7397
RICARDO BARBOSA,Gaseiro 7k,2023,8,153.87,5.92,26,4543.0,440.93,0.0339,0.349
RODRIGO PINHEIRO,Aframax,2023,8,814.25,22.01,37,7203.0,565.3,0.113,1.4404
ROMARIO SILVA,MR 2,2023,8,306.55,9.89,31,3776.5,307.74,0.0812,0.9961
THIAGO FERNANDES,MR 2,2023,8,297.33,12.39,24,4893.0,421.91,0.0608,0.7047
TOTAL_FROTA,TODAS,2023,8,10391.19,18.29,568,94045.0,8449.82,0.1105,1.2298
VICTOR OLIVEIRA,Suezmax,2023,8,1172.0,41.86,28,7742.0,701.0,0.1514,1.6719
BRUNO LIMA,Gaseiro 7k,2023,9,115.6,8.26,14,3459.5,275.66,0.0334,0.4194
CARLA SILVA,Aframax,2023,9,539.5,24.52,22,3024.0,306.97,0.1784,1.7575
DANIEL PEREIRA,Aframax,2023,9,425.5,22.39,19,4311.0,353.52,0.0987,1.2036
EDUARDO COSTA,MR 2,2023,9,357.11,14.88,24,3640.0,390.0,0.0981,0.9157
FELIPE RIBEIRO,Suezmax,2023,9,114.95,6.76,17,638.0,66.18,0.1802,1.7369
FÁBIO SANTOS,Gaseiro 7k,2023,9,81.37,2.91,28,2704.8,231.51,0.0301,0.3515
GABRIELA MARTINS,Aframax,2023,9,530.75,25.27,21,3632.0,421.28,0.1461,1.2599
GISELLE CARVALHO,Suezmax,2023,9,998.36,38.4,26,5814.0,471.57,0.1717,2.1171
HENRIQUE ALVES,Suezmax,2023,9,586.0,22.54,26,4555.0,380.74,0.1286,1.5391
LUCAS MENDONÇA,MR 2,2023,9,243.93,8.71,28,3514.0,275.47,0.0694,0.8855
MARCOS CAVALCANTI,Suezmax,2023,9,34.57,5.76,6,192.0,22.14,0.1801,1.5614
MARIA VALENTINA,Gaseiro 7k,2023,9,155.63,7.41,21,4494.0,353.09,0.0346,0.4408
PAULO MOURA,Suezmax,2023,9,608.5,20.98,29,4215.0,418.36,0.1444,1.4545
RAFAEL SANTOS,Suezmax,2023,9,332.1,25.55,13,2830.0,259.2,0.1173,1.2813
RAUL MARTINS,Suezmax,2023,9,746.0,39.26,19,4587.0,375.33,0.1626,1.9876
RENATO GOMES,Aframax,2023,9,659.0,29.95,22,4560.0,515.49,0.1445,1.2784
RICARDO BARBOSA,Gaseiro 7k,2023,9,156.75,7.12,22,4060.0,352.66,0.0386,0.4445
RODRIGO PINHEIRO,Aframax,2023,9,808.29,31.09,26,7047.0,576.6,0.1147,1.4018
ROMARIO SILVA,MR 2,2023,9,184.62,5.43,34,2575.0,245.75,0.0717,0.7513
THIAGO FERNANDES,MR 2,2023,9,241.84,8.64,28,2929.0,217.73,0.0826,1.1107
TOTAL_FROTA,TODAS,2023,9,8532.46,18.47,462,77083.3,6837.75,0.1107,1.2478
VICTOR OLIVEIRA,Suezmax,2023,9,612.09,36.01,17,4302.0,328.5,0.1423,1.8633
BRUNO LIMA,Gaseiro 7k,2023,10,52.95,3.78,14,1556.0,131.09,0.034,0.4039
CARLA SILVA,Aframax,2023,10,1200.3,35.3,34,6611.0,694.59,0.1816,1.7281
DANIEL PEREIRA,Aframax,2023,10,1116.0,31.89,35,8761.0,694.13,0.1274,1.6078
EDUARDO COSTA,MR 2,2023,10,273.43,13.67,20,2710.0,244.37,0.1009,1.1189
FELIPE RIBEIRO,Suezmax,2023,10,89.06,6.36,14,452.0,125.35,0.197,0.7105
FÁBIO SANTOS,Gaseiro 7k,2023,10,35.84,1.56,23,1255.0,102.5,0.0286,0.3497
GABRIELA MARTINS,Aframax,2023,10,933.23,29.16,32,7605.0,604.8,0.1227,1.543
GISELLE CARVALHO,Suezmax,2023,10,886.0,42.19,21,5423.0,425.92,0.1634,2.0802
HENRIQUE ALVES,Suezmax,2023,10,565.0,15.69,36,4703.0,398.29,0.1201,1.4186
LUCAS MENDONÇA,MR 2,2023,10,204.78,12.05,17,2140.0,249.4,0.0957,0.8211
MARCOS CAVALCANTI,Suezmax,2023,10,951.51,31.72,30,8031.5,688.6,0.1185,1.3818
MARIA VALENTINA,Gaseiro 7k,2023,10,62.6,4.47,14,2105.0,159.92,0.0297,0.3914
PAULO MOURA,Suezmax,2023,10,971.9,34.71,28,7215.0,566.63,0.1347,1.7152
RAFAEL SANTOS,Suezmax,2023,10,607.0,26.39,23,3472.2,276.1,0.1748,2.1985
RAUL MARTINS,Suezmax,2023,10,853.0,24.37,35,5279.0,500.22,0.1616,1.7052
RENATO GOMES,Aframax,2023,10,1065.4,33.29,32,7565.0,663.6,0.1408,1.6055
RICARDO BARBOSA,Gaseiro 7k,2023,10,159.05,6.12,26,3484.0,310.74,0.0457,0.5118
RODRIGO PINHEIRO,Aframax,2023,10,879.02,27.47,32,6830.0,585.9,0.1287,1.5003
ROMARIO SILVA,MR 2,2023,10,2.5,0.83,3,11.0,2.67,0.2273,0.9363
THIAGO FERNANDES,MR 2,2023,10,329.9,11.38,29,4578.0,332.75,0.0721,0.9914
TOTAL_FROTA,TODAS,2023,10,11744.96,22.46,523,93372.7,8062.72,0.1258,1.4567
VICTOR OLIVEIRA,Suezmax,2023,10,506.49,20.26,25,3586.0,305.15,0.1412,1.6598
BRUNO LIMA,Gaseiro 7k,2023,11,146.92,3.77,39,4342.68,352.42,0.0338,0.4169
CARLA SILVA,Aframax,2023,11,382.5,11.59,33,3162.0,343.3,0.121,1.1142
DANIEL PEREIRA,Aframax,2023,11,301.0,16.72,18,2101.0,234.32,0.1433,1.2846
EDUARDO COSTA,MR 2,2023,11,202.38,10.65,19,1780.0,185.32,0.1137,1.0921
FELIPE RIBEIRO,Suezmax,2023,11,160.7,12.36,13,611.0,81.2,0.263,1.9791
FÁBIO SANTOS,Gaseiro 7k,2023,11,98.2,4.27,23,2392.0,241.59,0.0411,0.4065
GABRIELA MARTINS,Aframax,2023,11,592.7,25.77,23,5257.0,450.25,0.1127,1.3164
GISELLE CARVALHO,Suezmax,2023,11,1199.0,35.26,34,7025.0,572.0,0.1707,2.0962
HENRIQUE ALVES,Suezmax,2023,11,858.0,26.81,32,5873.0,511.94,0.1461,1.676
LUCAS MENDONÇA,MR 2,2023,11,50.0,8.33,6,592.0,54.3,0.0845,0.9208
MARCOS CAVALCANTI,Suezmax,2023,11,585.62,17.22,34,4273.0,450.47,0.1371,1.3
MARIA VALENTINA,Gaseiro 7k,2023,11,118.0,4.07,29,4001.0,425.58,0.0295,0.2773
PAULO MOURA,Suezmax,2023,11,263.94,11.0,24,2036.0,170.97,0.1296,1.5438
RAFAEL SANTOS,Suezmax,2023,11,393.0,13.1,30,3246.0,286.87,0.1211,1.37
RAUL MARTINS,Suezmax,2023,11,814.15,30.15,27,4888.8,415.93,0.1665,1.9574
RENATO GOMES,Aframax,2023,11,325.8,16.29,20,2385.92,218.29,0.1366,1.4925
RICARDO BARBOSA,Gaseiro 7k,2023,11,149.39,3.83,39,3453.0,604.75,0.0433,0.247
RODRIGO PINHEIRO,Aframax,2023,11,347.51,15.8,22,2839.0,260.07,0.1224,1.3362
ROMARIO SILVA,MR 2,2023,11,265.19,8.84,30,4103.3,357.44,0.0646,0.7419
THIAGO FERNANDES,MR 2,2023,11,265.7,15.63,17,3203.0,247.67,0.083,1.0728
TOTAL_FROTA,TODAS,2023,11,8367.2,15.3,547,73900.7,6994.31,0.1132,1.1963
VICTOR OLIVEIRA,Suezmax,2023,11,847.5,24.21,35,6336.0,529.63,0.1338,1.6002
BRUNO LIMA,Gaseiro 7k,2023,12,82.45,4.58,18,2605.0,206.26,0.0317,0.3997
CARLA SILVA,Aframax,2023,12,3.9,1.3,3,22.0,3.1,0.1773,1.2581
DANIEL PEREIRA,Aframax,2023,12,665.5,27.73,24,5518.0,449.01,0.1206,1.4821
EDUARDO COSTA,MR 2,2023,12,281.3,17.58,16,3025.5,241.9,0.093,1.1629
FELIPE RIBEIRO,Suezmax,2023,12,206.1,9.81,21,847.0,114.4,0.2433,1.8016
FÁBIO SANTOS,Gaseiro 7k,2023,12,102.54,3.31,31,3041.0,254.13,0.0337,0.4035
GABRIELA MARTINS,Aframax,2023,12,792.95,24.78,32,6320.0,595.95,0.1255,1.3306
GISELLE CARVALHO,Suezmax,2023,12,837.0,36.39,23,4877.0,392.83,0.1716,2.1307
HENRIQUE ALVES,Suezmax,2023,12,115.0,6.39,18,960.0,76.15,0.1198,1.5102
MARCOS CAVALCANTI,Suezmax,2023,12,484.9,17.32,28,3159.0,301.88,0.1535,1.6063
MARIA VALENTINA,Gaseiro 7k,2023,12,119.51,3.98,30,3978.0,380.75,0.03,0.3139
PAULO MOURA,Suezmax,2023,12,967.24,30.23,32,6621.0,555.73,0.1461,1.7405
RAFAEL SANTOS,Suezmax,2023,12,605.0,20.86,29,4868.5,369.9,0.1243,1.6356
RAUL MARTINS,Suezmax,2023,12,242.23,18.63,13,1323.8,262.33,0.183,0.9234
RICARDO BARBOSA,Gaseiro 7k,2023,12,126.11,3.94,32,4182.0,537.06,0.0302,0.2348
RODRIGO PINHEIRO,Aframax,2023,12,778.05,22.23,35,7248.0,575.13,0.1073,1.3528
ROMARIO SILVA,MR 2,2023,12,232.81,6.85,34,2913.9,292.7,0.0799,0.7954
THIAGO FERNANDES,MR 2,2023,12,266.0,14.78,18,3199.0,256.37,0.0832,1.0376
TOTAL_FROTA,TODAS,2023,12,7622.59,16.46,463,70952.7,6369.13,0.1074,1.1968
VICTOR OLIVEIRA,Suezmax,2023,12,714.0,27.46,26,6244.0,503.55,0.1143,1.4179
DANIEL PEREIRA,Aframax,2024,1,487.5,24.38,20,3308.0,299.94,0.1474,1.6253
EDUARDO COSTA,MR 2,2024,1,403.5,13.91,29,4486.7,381.67,0.0899,1.0572
FELIPE RIBEIRO,Suezmax,2024,1,64.42,8.05,8,355.0,43.05,0.1815,1.4964
FÁBIO SANTOS,Gaseiro 7k,2024,1,130.86,3.97,33,4166.4,335.38,0.0314,0.3902
GABRIELA MARTINS,Aframax,2024,1,747.0,22.64,33,5803.0,601.73,0.1287,1.2414
GISELLE CARVALHO,Suezmax,2024,1,1595.0,49.84,32,8878.0,663.25,0.1797,2.4048
HENRIQUE ALVES,Suezmax,2024,1,894.0,33.11,27,6615.0,519.9,0.1351,1.7196
MARCOS CAVALCANTI,Suezmax,2024,1,925.6,31.92,29,6748.0,539.4,0.1372,1.716
MARIA VALENTINA,Gaseiro 7k,2024,1,154.65,5.95,26,4692.0,361.49,0.033,0.4278
PAULO MOURA,Suezmax,2024,1,915.5,25.43,36,6814.0,504.83,0.1344,1.8135
RAFAEL SANTOS,Suezmax,2024,1,223.0,12.39,18,2010.0,161.26,0.1109,1.3829
RAUL MARTINS,Suezmax,2024,1,666.05,26.64,25,3788.2,320.52,0.1758,2.078
RENATO GOMES,Aframax,2024,1,338.0,18.78,18,4396.0,413.19,0.0769,0.818
RICARDO BARBOSA,Gaseiro 7k,2024,1,117.07,4.34,27,4338.0,359.58,0.027,0.3256
RODRIGO PINHEIRO,Aframax,2024,1,752.5,25.95,29,5499.0,463.25,0.1368,1.6244
ROMARIO SILVA,MR 2,2024,1,415.14,11.86,35,5088.5,382.9,0.0816,1.0842
THIAGO FERNANDES,MR 2,2024,1,188.13,8.96,21,2259.0,164.87,0.0833,1.1411
TOTAL_FROTA,TODAS,2024,1,9873.92,21.01,470,85694.8,6995.91,0.1152,1.4114
VICTOR OLIVEIRA,Suezmax,2024,1,856.0,35.67,24,6450.0,479.7,0.1327,1.7844
BRUNO LIMA,Gaseiro 7k,2024,2,78.5,5.61,14,1635.1,219.75,0.048,0.3572
CARLA SILVA,Aframax,2024,2,81.0,16.2,5,674.0,63.8,0.1202,1.2696
DANIEL PEREIRA,Aframax,2024,2,430.0,26.88,16,3386.0,267.83,0.127,1.6055
EDUARDO COSTA,MR 2,2024,2,253.84,7.47,34,2634.2,259.03,0.0964,0.98
FELIPE RIBEIRO,Suezmax,2024,2,203.99,17.0,12,393.0,140.03,0.5191,1.4568
FÁBIO SANTOS,Gaseiro 7k,2024,2,124.93,4.16,30,3713.0,338.06,0.0336,0.3695
GABRIELA MARTINS,Aframax,2024,2,746.7,31.11,24,5520.0,477.1,0.1353,1.5651
GISELLE CARVALHO,Suezmax,2024,2,834.0,29.79,28,5014.3,394.41,0.1663,2.1146
HENRIQUE ALVES,Suezmax,2024,2,501.0,26.37,19,3813.0,285.8,0.1314,1.753
LUCAS MENDONÇA,MR 2,2024,2,47.95,4.0,12,359.7,73.0,0.1333,0.6568
MARCOS CAVALCANTI,Suezmax,2024,2,409.6,17.07,24,3389.5,288.6,0.1208,1.4193
MARIA VALENTINA,Gaseiro 7k,2024,2,142.56,5.48,26,3984.0,338.83,0.0358,0.4207
PAULO MOURA,Suezmax,2024,2,514.9,17.76,29,3624.6,424.12,0.1421,1.214
RAFAEL SANTOS,Suezmax,2024,2,1321.3,45.56,29,8199.0,696.0,0.1612,1.8984
RAUL MARTINS,Suezmax,2024,2,1007.0,30.52,33,5559.0,618.93,0.1811,1.627
RENATO GOMES,Aframax,2024,2,849.0,28.3,30,7911.0,662.95,0.1073,1.2806
RICARDO BARBOSA,Gaseiro 7k,2024,2,100.53,4.79,21,3112.0,259.18,0.0323,0.3879
RODRIGO PINHEIRO,Aframax,2024,2,339.55,17.87,19,3138.0,271.09,0.1082,1.2525
ROMARIO SILVA,MR 2,2024,2,111.67,3.85,29,1779.5,131.17,0.0628,0.8513
THIAGO FERNANDES,MR 2,2024,2,209.77,7.49,28,1990.0,350.33,0.1054,0.5988
TOTAL_FROTA,TODAS,2024,2,9032.28,18.58,486,75940.9,7071.21,0.1189,1.2773
VICTOR OLIVEIRA,Suezmax,2024,2,724.5,30.19,24,6112.0,511.2,0.1185,1.4173
BRUNO LIMA,Gaseiro 7k,2024,3,102.5,4.27,24,2580.9,312.98,0.0397,0.3275
CARLA SILVA,Aframax,2024,3,783.9,23.75,33,7736.0,590.02,0.1013,1.3286
DANIEL PEREIRA,Aframax,2024,3,709.7,21.51,33,6080.0,520.16,0.1167,1.3644
EDUARDO COSTA,MR 2,2024,3,236.58,7.89,30,3153.5,274.0,0.075,0.8634
FELIPE RIBEIRO,Suezmax,2024,3,1290.8,41.64,31,5795.5,683.57,0.2227,1.8883
FÁBIO SANTOS,Gaseiro 7k,2024,3,217.9,6.23,35,5229.0,443.02,0.0417,0.4919
GABRIELA MARTINS,Aframax,2024,3,294.0,26.73,11,2683.0,219.67,0.1096,1.3384
GISELLE CARVALHO,Suezmax,2024,3,666.0,27.75,24,4529.0,363.12,0.1471,1.8341
HENRIQUE ALVES,Suezmax,2024,3,903.0,36.12,25,5861.0,476.98,0.1541,1.8932
LUCAS MENDONÇA,MR 2,2024,3,79.75,5.32,15,834.6,100.5,0.0956,0.7935
MARCOS CAVALCANTI,Suezmax,2024,3,773.0,24.16,32,5170.0,706.8,0.1495,1.0937
MARIA VALENTINA,Gaseiro 7k,2024,3,126.89,3.97,32,3344.0,665.08,0.0379,0.1908
PAULO MOURA,Suezmax,2024,3,634.1,19.82,32,4459.0,394.13,0.1422,1.6089
RAFAEL SANTOS,Suezmax,2024,3,329.2,12.66,26,3262.0,262.15,0.1009,1.2558
RAUL MARTINS,Suezmax,2024,3,842.0,27.16,31,5477.1,540.1,0.1537,1.559
RENATO GOMES,Aframax,2024,3,618.0,24.72,25,4924.0,690.84,0.1255,0.8946
RICARDO BARBOSA,Gaseiro 7k,2024,3,170.24,6.55,26,5060.0,441.29,0.0336,0.3858
RODRIGO PINHEIRO,Aframax,2024,3,345.05,21.57,16,2941.0,243.6,0.1173,1.4165
ROMARIO SILVA,MR 2,2024,3,227.5,8.12,28,3109.0,237.0,0.0732,0.9599
THIAGO FERNANDES,MR 2,2024,3,214.5,8.58,25,3029.0,396.1,0.0708,0.5415
TOTAL_FROTA,TODAS,2024,3,10131.61,18.35,552,89170.6,8882.91,0.1136,1.1406
VICTOR OLIVEIRA,Suezmax,2024,3,567.0,31.5,18,3913.0,321.8,0.1449,1.762
BRUNO LIMA,Gaseiro 7k,2024,4,86.05,3.91,22,2249.0,214.17,0.0383,0.4018
CARLA SILVA,Aframax,2024,4,1042.0,37.21,28,7369.0,635.4,0.1414,1.6399
DANIEL PEREIRA,Aframax,2024,4,721.3,23.27,31,6799.0,578.5,0.1061,1.2468
EDUARDO COSTA,MR 2,2024,4,278.1,12.09,23,3132.8,255.55,0.0888,1.0882
FELIPE RIBEIRO,Suezmax,2024,4,993.48,28.39,35,4099.0,543.6,0.2424,1.8276
FÁBIO SANTOS,Gaseiro 7k,2024,4,125.53,4.48,28,3660.0,292.75,0.0343,0.4288
GABRIELA MARTINS,Aframax,2024,4,480.0,21.82,22,4734.0,349.89,0.1014,1.3719
GISELLE CARVALHO,Suezmax,2024,4,561.0,20.04,28,3938.5,364.26,0.1424,1.5401
HENRIQUE ALVES,Suezmax,2024,4,825.0,29.46,28,6319.0,497.62,0.1306,1.6579
LUCAS MENDONÇA,MR 2,2024,4,334.99,12.41,27,4259.5,331.6,0.0786,1.0102
MARCOS CAVALCANTI,Suezmax,2024,4,759.0,29.19,26,5994.0,495.9,0.1266,1.5306
MARIA VALENTINA,Gaseiro 7k,2024,4,126.05,4.2,30,4214.0,365.24,0.0299,0.3451
PAULO MOURA,Suezmax,2024,4,949.0,32.72,29,5650.0,532.69,0.168,1.7815
RAFAEL SANTOS,Suezmax,2024,4,138.0,19.71,7,1631.0,144.5,0.0846,0.955
RAUL MARTINS,Suezmax,2024,4,1189.0,45.73,26,7028.0,590.8,0.1692,2.0125
RENATO GOMES,Aframax,2024,4,834.0,28.76,29,6471.0,683.12,0.1289,1.2209
RICARDO BARBOSA,Gaseiro 7k,2024,4,129.35,4.17,31,3621.0,546.58,0.0357,0.2367
RODRIGO PINHEIRO,Aframax,2024,4,751.39,30.06,25,5686.0,500.63,0.1321,1.5009
ROMARIO SILVA,MR 2,2024,4,101.5,7.25,14,1197.0,104.9,0.0848,0.9676
THIAGO FERNANDES,MR 2,2024,4,171.45,6.86,25,2442.0,287.95,0.0702,0.5954
TOTAL_FROTA,TODAS,2024,4,11088.2,20.8,533,94724.8,8661.85,0.1171,1.2801
VICTOR OLIVEIRA,Suezmax,2024,4,492.0,25.89,19,4231.0,346.2,0.1163,1.4211
BRUNO LIMA,Gaseiro 7k,2024,5,111.7,3.99,28,2276.75,278.16,0.0491,0.4016
CARLA SILVA,Aframax,2024,5,173.9,7.9,22,1499.0,136.6,0.116,1.2731
DANIEL PEREIRA,Aframax,2024,5,678.8,20.57,33,6288.0,556.19,0.108,1.2204
EDUARDO COSTA,MR 2,2024,5,359.69,10.58,34,3896.9,322.19,0.0923,1.1164
FELIPE RIBEIRO,Suezmax,2024,5,349.23,20.54,17,2609.0,273.32,0.1339,1.2777
FÁBIO SANTOS,Gaseiro 7k,2024,5,140.87,4.27,33,4842.0,400.92,0.0291,0.3514
GABRIELA MARTINS,Aframax,2024,5,904.5,27.41,33,7122.0,642.4,0.127,1.408
GISELLE CARVALHO,Suezmax,2024,5,652.34,19.19,34,3953.5,352.92,0.165,1.8484
HENRIQUE ALVES,Suezmax,2024,5,1104.0,35.61,31,8420.0,662.25,0.1311,1.667
LUCAS MENDONÇA,MR 2,2024,5,152.49,6.1,25,2185.0,159.78,0.0698,0.9544
MARCOS CAVALCANTI,Suezmax,2024,5,904.5,33.5,27,5883.0,521.6,0.1537,1.7341
MARIA VALENTINA,Gaseiro 7k,2024,5,136.5,4.4,31,4185.0,330.18,0.0326,0.4134
PAULO MOURA,Suezmax,2024,5,629.82,29.99,21,4640.0,473.63,0.1357,1.3298
RAFAEL SANTOS,Suezmax,2024,5,1302.0,44.9,29,8266.0,653.3,0.1575,1.993
RAUL MARTINS,Suezmax,2024,5,818.0,25.56,32,5235.4,429.46,0.1562,1.9047
RENATO GOMES,Aframax,2024,5,593.2,22.82,26,6196.0,683.98,0.0957,0.8673
RICARDO BARBOSA,Gaseiro 7k,2024,5,154.7,5.16,30,4631.0,398.5,0.0334,0.3882
RODRIGO PINHEIRO,Aframax,2024,5,493.78,17.03,29,3703.7,431.22,0.1333,1.1451
ROMARIO SILVA,MR 2,2024,5,232.82,11.09,21,3019.6,236.86,0.0771,0.9829
THIAGO FERNANDES,MR 2,2024,5,307.48,13.98,22,3555.6,279.07,0.0865,1.1018
TOTAL_FROTA,TODAS,2024,5,11486.33,19.47,590,101400.45,8959.83,0.1133,1.282
VICTOR OLIVEIRA,Suezmax,2024,5,1286.0,40.19,32,8993.0,737.3,0.143,1.7442
BRUNO LIMA,Gaseiro 7k,2024,6,158.08,6.32,25,2897.5,306.93,0.0546,0.515
CARLA SILVA,Aframax,2024,6,156.6,6.81,23,1296.0,165.6,0.1208,0.9457
DANIEL PEREIRA,Aframax,2024,6,650.0,23.21,28,4182.0,466.62,0.1554,1.393
EDUARDO COSTA,MR 2,2024,6,385.72,14.84,26,3867.2,334.99,0.0997,1.1514
FELIPE RIBEIRO,Suezmax,2024,6,267.0,29.67,9,2274.0,163.97,0.1174,1.6283
FÁBIO SANTOS,Gaseiro 7k,2024,6,130.56,4.21,31,3802.0,323.43,0.0343,0.4037
GABRIELA MARTINS,Aframax,2024,6,351.0,21.94,16,2924.0,386.17,0.12,0.9089
GISELLE CARVALHO,Suezmax,2024,6,1369.0,48.89,28,7989.0,620.75,0.1714,2.2054
HENRIQUE ALVES,Suezmax,2024,6,324.0,11.57,28,2878.0,493.7,0.1126,0.6563
LUCAS MENDONÇA,MR 2,2024,6,344.0,10.75,32,4422.5,357.3,0.0778,0.9628
MARCOS CAVALCANTI,Suezmax,2024,6,1072.5,36.98,29,7581.0,592.58,0.1415,1.8099
MARIA VALENTINA,Gaseiro 7k,2024,6,83.06,3.46,24,2531.0,207.15,0.0328,0.401
PAULO MOURA,Suezmax,2024,6,1349.0,44.97,30,8197.0,693.5,0.1646,1.9452
RAFAEL SANTOS,Suezmax,2024,6,758.5,29.17,26,4872.0,441.13,0.1557,1.7194
RAUL MARTINS,Suezmax,2024,6,877.36,28.3,31,5090.4,447.08,0.1724,1.9624
RENATO GOMES,Aframax,2024,6,776.5,29.87,26,6612.0,650.77,0.1174,1.1932
RICARDO BARBOSA,Gaseiro 7k,2024,6,147.2,5.45,27,4898.0,425.42,0.0301,0.346
RODRIGO PINHEIRO,Aframax,2024,6,887.9,29.6,30,5968.5,551.6,0.1488,1.6097
ROMARIO SILVA,MR 2,2024,6,296.14,13.46,22,4016.2,306.18,0.0737,0.9672
THIAGO FERNANDES,MR 2,2024,6,199.61,10.51,19,2212.0,182.84,0.0902,1.0917
TOTAL_FROTA,TODAS,2024,6,11379.14,20.99,542,94378.3,8598.78,0.1206,1.3233
VICTOR OLIVEIRA,Suezmax,2024,6,795.4,24.86,32,5868.0,481.07,0.1355,1.6534
BRUNO LIMA,Gaseiro 7k,2024,7,103.55,4.93,21,2489.0,306.42,0.0416,0.3379
CARLA SILVA,Aframax,2024,7,95.6,8.69,11,745.0,73.2,0.1283,1.306
DANIEL PEREIRA,Aframax,2024,7,1171.0,37.77,31,8614.0,717.75,0.1359,1.6315
EDUARDO COSTA,MR 2,2024,7,144.74,6.89,21,1865.6,155.33,0.0776,0.9318
FELIPE RIBEIRO,Suezmax,2024,7,896.26,37.34,24,5768.0,455.47,0.1554,1.9678
FÁBIO SANTOS,Gaseiro 7k,2024,7,161.19,5.37,30,3761.3,340.0,0.0429,0.4741
GABRIELA MARTINS,Aframax,2024,7,842.0,28.07,30,7370.0,581.45,0.1142,1.4481
GISELLE CARVALHO,Suezmax,2024,7,222.2,37.03,6,1114.0,119.92,0.1995,1.8529
HENRIQUE ALVES,Suezmax,2024,7,825.0,30.56,27,5733.0,454.96,0.1439,1.8133
LUCAS MENDONÇA,MR 2,2024,7,182.0,10.71,17,2174.0,175.7,0.0837,1.0359
MARCOS CAVALCANTI,Suezmax,2024,7,1161.74,36.3,32,7252.0,607.6,0.1602,1.912
MARIA VALENTINA,Gaseiro 7k,2024,7,131.92,4.12,32,3837.0,682.24,0.0344,0.1934
PAULO MOURA,Suezmax,2024,7,773.43,33.63,23,4576.0,518.61,0.169,1.4914
RAFAEL SANTOS,Suezmax,2024,7,1298.1,37.09,35,8341.0,667.02,0.1556,1.9461
RAUL MARTINS,Suezmax,2024,7,1355.5,43.73,31,7309.0,639.9,0.1855,2.1183
RENATO GOMES,Aframax,2024,7,503.0,25.15,20,4848.5,530.47,0.1037,0.9482
RICARDO BARBOSA,Gaseiro 7k,2024,7,192.07,5.49,35,6406.5,652.11,0.03,0.2945
RODRIGO PINHEIRO,Aframax,2024,7,265.02,16.56,16,2862.5,238.65,0.0926,1.1105
ROMARIO SILVA,MR 2,2024,7,174.9,11.66,15,2390.04,196.9,0.0732,0.8883
THIAGO FERNANDES,MR 2,2024,7,328.4,10.95,30,3953.0,378.31,0.0831,0.8681
TOTAL_FROTA,TODAS,2024,7,11925.62,23.2,514,98460.44,9060.76,0.1211,1.3162
VICTOR OLIVEIRA,Suezmax,2024,7,1098.0,40.67,27,7051.0,568.75,0.1557,1.9305
BRUNO LIMA,Gaseiro 7k,2024,8,152.0,4.47,34,3557.7,357.82,0.0427,0.4248
CARLA SILVA,Aframax,2024,8,75.0,4.69,16,546.0,55.23,0.1374,1.358
DANIEL PEREIRA,Aframax,2024,8,677.0,25.07,27,6739.0,567.29,0.1005,1.1934
EDUARDO COSTA,MR 2,2024,8,312.2,10.41,30,4119.0,359.16,0.0758,0.8693
FELIPE RIBEIRO,Suezmax,2024,8,1115.0,37.17,30,6583.0,698.5,0.1694,1.5963
FÁBIO SANTOS,Gaseiro 7k,2024,8,153.68,5.3,29,3719.0,325.48,0.0413,0.4722
GABRIELA MARTINS,Aframax,2024,8,75.0,8.33,9,1050.0,83.05,0.0714,0.9031
GISELLE CARVALHO,Suezmax,2024,8,272.38,27.24,10,1904.0,158.17,0.1431,1.7221
HENRIQUE ALVES,Suezmax,2024,8,1348.0,42.12,32,8540.0,709.97,0.1578,1.8987
LUCAS MENDONÇA,MR 2,2024,8,201.71,5.76,35,2696.6,223.4,0.0748,0.9029
MARCOS CAVALCANTI,Suezmax,2024,8,783.67,30.14,26,4973.0,508.18,0.1576,1.5421
MARIA VALENTINA,Gaseiro 7k,2024,8,170.2,5.01,34,4359.5,513.5,0.039,0.3315
PAULO MOURA,Suezmax,2024,8,1238.15,45.86,27,5600.0,721.3,0.2211,1.7166
RAFAEL SANTOS,Suezmax,2024,8,930.0,34.44,27,6906.0,583.33,0.1347,1.5943
RAUL MARTINS,Suezmax,2024,8,557.25,23.22,24,3355.0,487.1,0.1661,1.144
RENATO GOMES,Aframax,2024,8,703.0,27.04,26,5761.0,682.77,0.122,1.0296
RICARDO BARBOSA,Gaseiro 7k,2024,8,183.88,6.34,29,4413.0,591.31,0.0417,0.311
RODRIGO PINHEIRO,Aframax,2024,8,126.03,18.0,7,1696.0,143.5,0.0743,0.8783
ROMARIO SILVA,MR 2,2024,8,298.97,10.68,28,4186.8,316.68,0.0714,0.9441
THIAGO FERNANDES,MR 2,2024,8,391.94,11.2,35,4868.0,393.15,0.0805,0.9969
TOTAL_FROTA,TODAS,2024,8,10712.06,19.84,540,91673.6,8978.67,0.1168,1.1931
VICTOR OLIVEIRA,Suezmax,2024,8,947.0,37.88,25,6101.0,499.78,0.1552,1.8948
BRUNO LIMA,Gaseiro 7k,2024,9,156.28,6.01,26,3284.8,338.49,0.0476,0.4617
CARLA SILVA,Aframax,2024,9,120.8,8.05,15,1193.0,108.7,0.1013,1.1113
DANIEL PEREIRA,Aframax,2024,9,763.5,29.37,26,6386.54,521.25,0.1195,1.4647
EDUARDO COSTA,MR 2,2024,9,310.67,11.51,27,3816.0,301.07,0.0814,1.0319
FELIPE RIBEIRO,Suezmax,2024,9,343.01,28.58,12,356.5,35.77,0.9622,9.5893
FÁBIO SANTOS,Gaseiro 7k,2024,9,123.2,5.87,21,2939.0,248.15,0.0419,0.4965
GABRIELA MARTINS,Aframax,2024,9,617.0,28.05,22,5414.0,442.1,0.114,1.3956
GISELLE CARVALHO,Suezmax,2024,9,1379.5,44.5,31,8053.0,659.25,0.1713,2.0925
HENRIQUE ALVES,Suezmax,2024,9,1055.0,36.38,29,7725.0,586.8,0.1366,1.7979
LUCAS MENDONÇA,MR 2,2024,9,247.42,7.98,31,3608.7,274.07,0.0686,0.9028
MARCOS CAVALCANTI,Suezmax,2024,9,1236.76,42.65,29,7775.0,641.03,0.1591,1.9293
MARIA VALENTINA,Gaseiro 7k,2024,9,99.75,4.75,21,2848.0,232.66,0.035,0.4287
PAULO MOURA,Suezmax,2024,9,952.24,43.28,22,4783.0,524.83,0.1991,1.8144
RAFAEL SANTOS,Suezmax,2024,9,499.6,33.31,15,3481.0,261.92,0.1435,1.9075
RAUL MARTINS,Suezmax,2024,9,1081.72,34.89,31,6227.2,544.19,0.1737,1.9878
RENATO GOMES,Aframax,2024,9,519.0,30.53,17,3810.0,438.0,0.1362,1.1849
RICARDO BARBOSA,Gaseiro 7k,2024,9,58.78,2.8,21,1741.5,163.07,0.0338,0.3605
RODRIGO PINHEIRO,Aframax,2024,9,599.3,18.73,32,6833.7,536.75,0.0877,1.1165
ROMARIO SILVA,MR 2,2024,9,200.41,9.11,22,2776.0,215.9,0.0722,0.9283
THIAGO FERNANDES,MR 2,2024,9,244.92,15.31,16,2790.0,216.59,0.0878,1.1308
TOTAL_FROTA,TODAS,2024,9,11606.86,23.45,495,92561.94,7844.91,0.1254,1.4795
VICTOR OLIVEIRA,Suezmax,2024,9,998.0,34.41,29,6720.0,554.32,0.1485,1.8004
BRUNO LIMA,Gaseiro 7k,2024,10,182.5,4.93,37,4155.5,392.09,0.0439,0.4655
CARLA SILVA,Aframax,2024,10,85.1,7.09,12,715.0,64.4,0.119,1.3214
DANIEL PEREIRA,Aframax,2024,10,754.0,27.93,27,6731.0,607.54,0.112,1.2411
EDUARDO COSTA,MR 2,2024,10,293.71,13.99,21,3151.4,262.25,0.0932,1.12
FELIPE RIBEIRO,Suezmax,2024,10,1387.65,43.36,32,9200.0,725.4,0.1508,1.9129
FÁBIO SANTOS,Gaseiro 7k,2024,10,171.08,4.28,40,5303.5,445.5,0.0323,0.384
GABRIELA MARTINS,Aframax,2024,10,158.0,14.36,11,1378.0,112.87,0.1147,1.3998
GISELLE CARVALHO,Suezmax,2024,10,1218.55,42.02,29,6877.0,569.0,0.1772,2.1416
HENRIQUE ALVES,Suezmax,2024,10,1080.0,38.57,28,7415.0,596.72,0.1457,1.8099
LUCAS MENDONÇA,MR 2,2024,10,444.57,15.88,28,6235.0,448.1,0.0713,0.9921
MARCOS CAVALCANTI,Suezmax,2024,10,1086.92,31.97,34,7261.0,567.06,0.1497,1.9168
MARIA VALENTINA,Gaseiro 7k,2024,10,76.04,3.8,20,2515.0,299.59,0.0302,0.2538
PAULO MOURA,Suezmax,2024,10,736.9,21.67,34,4313.5,499.5,0.1708,1.4753
RAFAEL SANTOS,Suezmax,2024,10,1024.5,37.94,27,7334.0,568.68,0.1397,1.8015
RAUL MARTINS,Suezmax,2024,10,846.0,26.44,32,5857.0,487.24,0.1444,1.7363
RENATO GOMES,Aframax,2024,10,875.0,31.25,28,7451.0,702.03,0.1174,1.2464
RICARDO BARBOSA,Gaseiro 7k,2024,10,55.12,3.24,17,1384.0,333.09,0.0398,0.1655
RODRIGO PINHEIRO,Aframax,2024,10,743.6,25.64,29,6779.0,531.09,0.1097,1.4001
ROMARIO SILVA,MR 2,2024,10,354.52,11.44,31,4748.0,353.23,0.0747,1.0037
THIAGO FERNANDES,MR 2,2024,10,365.96,9.89,37,3788.0,358.23,0.0966,1.0216
TOTAL_FROTA,TODAS,2024,10,12516.72,22.08,567,106511.9,9236.61,0.1175,1.3551
VICTOR OLIVEIRA,Suezmax,2024,10,577.0,44.38,13,3920.0,313.0,0.1472,1.8435
BRUNO LIMA,Gaseiro 7k,2024,11,144.1,3.89,37,3785.5,379.26,0.0381,0.38
CARLA SILVA,Aframax,2024,11,35.9,3.99,9,255.0,28.5,0.1408,1.2596
DANIEL PEREIRA,Aframax,2024,11,453.0,22.65,20,3270.0,416.48,0.1385,1.0877
EDUARDO COSTA,MR 2,2024,11,282.5,12.28,23,3740.6,293.35,0.0755,0.963
FELIPE RIBEIRO,Suezmax,2024,11,691.62,23.85,29,5750.6,425.7,0.1203,1.6247
FÁBIO SANTOS,Gaseiro 7k,2024,11,131.29,3.05,43,4225.0,330.1,0.0311,0.3977
GABRIELA MARTINS,Aframax,2024,11,1205.0,40.17,30,8605.0,720.0,0.14,1.6736
GISELLE CARVALHO,Suezmax,2024,11,645.26,18.98,34,3961.0,421.19,0.1629,1.532
HENRIQUE ALVES,Suezmax,2024,11,1096.0,39.14,28,7285.0,628.67,0.1504,1.7434
LUCAS MENDONÇA,MR 2,2024,11,166.7,9.26,18,2418.0,186.2,0.0689,0.8953
MARCOS CAVALCANTI,Suezmax,2024,11,986.42,35.23,28,7021.0,549.98,0.1405,1.7936
MARIA VALENTINA,Gaseiro 7k,2024,11,119.08,4.11,29,3033.0,397.0,0.0393,0.2999
PAULO MOURA,Suezmax,2024,11,920.0,25.56,36,6050.0,699.5,0.1521,1.3152
RAFAEL SANTOS,Suezmax,2024,11,989.2,47.1,21,5964.0,497.0,0.1659,1.9903
RAUL MARTINS,Suezmax,2024,11,720.0,30.0,24,4458.0,411.1,0.1615,1.7514
RENATO GOMES,Aframax,2024,11,695.0,25.74,27,7280.0,765.07,0.0955,0.9084
RICARDO BARBOSA,Gaseiro 7k,2024,11,87.46,3.36,26,2745.0,464.0,0.0319,0.1885
RODRIGO PINHEIRO,Aframax,2024,11,380.02,29.23,13,3020.4,419.3,0.1258,0.9063
ROMARIO SILVA,MR 2,2024,11,269.5,11.72,23,3949.0,293.71,0.0682,0.9176
THIAGO FERNANDES,MR 2,2024,11,215.2,7.42,29,3273.0,328.91,0.0658,0.6543
TOTAL_FROTA,TODAS,2024,11,10922.25,19.86,550,95006.1,9112.52,0.115,1.1986
VICTOR OLIVEIRA,Suezmax,2024,11,689.0,29.96,23,4917.0,457.5,0.1401,1.506
BRUNO LIMA,Gaseiro 7k,2024,12,138.03,4.76,29,3628.6,300.16,0.038,0.4599
CARLA SILVA,Aframax,2024,12,105.75,5.57,19,1173.0,112.82,0.0902,0.9373
DANIEL PEREIRA,Aframax,2024,12,1037.0,31.42,33,7087.0,716.82,0.1463,1.4467
EDUARDO COSTA,MR 2,2024,12,331.65,11.06,30,4058.3,402.57,0.0817,0.8238
FELIPE RIBEIRO,Suezmax,2024,12,884.92,35.4,25,6415.0,476.1,0.1379,1.8587
FÁBIO SANTOS,Gaseiro 7k,2024,12,168.65,4.68,36,5031.0,429.71,0.0335,0.3925
GABRIELA MARTINS,Aframax,2024,12,750.0,25.0,30,7573.0,585.83,0.099,1.2802
GISELLE CARVALHO,Suezmax,2024,12,985.75,39.43,25,5034.0,451.5,0.1958,2.1833
HENRIQUE ALVES,Suezmax,2024,12,889.0,34.19,26,6908.0,555.05,0.1287,1.6017
LUCAS MENDONÇA,MR 2,2024,12,366.5,12.64,29,4684.0,356.6,0.0782,1.0278
MARCOS CAVALCANTI,Suezmax,2024,12,538.42,23.41,23,3725.0,296.37,0.1445,1.8167
MARIA VALENTINA,Gaseiro 7k,2024,12,131.19,4.69,28,3921.0,310.16,0.0335,0.423
PAULO MOURA,Suezmax,2024,12,595.31,23.81,25,3301.1,464.08,0.1803,1.2828
RAFAEL SANTOS,Suezmax,2024,12,998.4,39.94,25,7003.0,558.7,0.1426,1.787
RAUL MARTINS,Suezmax,2024,12,673.0,30.59,22,4832.6,369.28,0.1393,1.8225
RENATO GOMES,Aframax,2024,12,465.8,23.29,20,5135.0,409.25,0.0907,1.1382
RICARDO BARBOSA,Gaseiro 7k,2024,12,78.9,3.16,25,2446.0,234.5,0.0323,0.3365
RODRIGO PINHEIRO,Aframax,2024,12,675.21,45.01,15,6022.0,514.74,0.1121,1.3117
ROMARIO SILVA,MR 2,2024,12,312.0,15.6,20,4245.6,315.26,0.0735,0.9897
THIAGO FERNANDES,MR 2,2024,12,286.4,12.45,23,4128.0,340.42,0.0694,0.8413
TOTAL_FROTA,TODAS,2024,12,11212.18,20.84,538,102164.2,8655.12,0.1097,1.2954
VICTOR OLIVEIRA,Suezmax,2024,12,800.3,26.68,30,5813.0,455.2,0.1377,1.7581
BRUNO LIMA,Gaseiro 7k,2025,1,138.7,4.95,28,3124.2,587.88,0.0444,0.2359
CARLA SILVA,Aframax,2025,1,296.5,14.82,20,2664.0,261.17,0.1113,1.1353
DANIEL PEREIRA,Aframax,2025,1,706.9,22.09,32,6647.0,581.22,0.1063,1.2162
EDUARDO COSTA,MR 2,2025,1,201.61,10.08,20,2269.0,224.35,0.0889,0.8986
FELIPE RIBEIRO,Suezmax,2025,1,1231.0,38.47,32,8195.0,689.43,0.1502,1.7855
FÁBIO SANTOS,Gaseiro 7k,2025,1,146.44,4.58,32,4227.8,339.76,0.0346,0.431
GABRIELA MARTINS,Aframax,2025,1,239.96,14.12,17,2396.0,186.96,0.1002,1.2835
GISELLE CARVALHO,Suezmax,2025,1,892.35,27.89,32,5166.0,480.43,0.1727,1.8574
HENRIQUE ALVES,Suezmax,2025,1,587.0,22.58,26,4398.0,460.1,0.1335,1.2758
LUCAS MENDONÇA,MR 2,2025,1,288.45,11.09,26,4150.5,311.1,0.0695,0.9272
MARCOS CAVALCANTI,Suezmax,2025,1,880.48,41.93,21,5609.0,450.03,0.157,1.9565
MARIA VALENTINA,Gaseiro 7k,2025,1,123.74,4.42,28,3519.4,285.01,0.0352,0.4342
PAULO MOURA,Suezmax,2025,1,998.22,25.6,39,6092.5,669.68,0.1638,1.4906
RAFAEL SANTOS,Suezmax,2025,1,663.0,30.14,22,5180.0,419.13,0.128,1.5818
RAUL MARTINS,Suezmax,2025,1,726.0,34.57,21,4154.0,352.93,0.1748,2.0571
RENATO GOMES,Aframax,2025,1,24.6,2.24,11,226.5,58.45,0.1086,0.4209
RICARDO BARBOSA,Gaseiro 7k,2025,1,90.7,3.94,23,2828.0,232.63,0.0321,0.3899
RODRIGO PINHEIRO,Aframax,2025,1,357.44,18.81,19,4240.0,382.8,0.0843,0.9338
ROMARIO SILVA,MR 2,2025,1,227.97,10.86,21,3192.0,299.48,0.0714,0.7612
THIAGO FERNANDES,MR 2,2025,1,300.7,8.59,35,3951.0,303.81,0.0761,0.9898
TOTAL_FROTA,TODAS,2025,1,9879.76,18.47,535,88069.9,8058.55,0.1122,1.226
VICTOR OLIVEIRA,Suezmax,2025,1,758.0,25.27,30,5840.0,482.2,0.1298,1.572
BRUNO LIMA,Gaseiro 7k,2025,2,222.44,7.18,31,5462.3,517.63,0.0407,0.4297
CARLA SILVA,Aframax,2025,2,320.7,11.45,28,2521.0,315.72,0.1272,1.0158
DANIEL PEREIRA,Aframax,2025,2,820.0,34.17,24,5903.0,495.16,0.1389,1.656
EDUARDO COSTA,MR 2,2025,2,178.74,11.17,16,2194.0,227.0,0.0815,0.7874
FELIPE RIBEIRO,Suezmax,2025,2,693.5,25.69,27,5572.0,419.6,0.1245,1.6528
FÁBIO SANTOS,Gaseiro 7k,2025,2,87.38,4.37,20,2525.0,206.65,0.0346,0.4228
GABRIELA MARTINS,Aframax,2025,2,1102.0,36.73,30,8473.5,684.0,0.1301,1.6111
GISELLE CARVALHO,Suezmax,2025,2,379.5,29.19,13,2446.0,218.37,0.1552,1.7379
HENRIQUE ALVES,Suezmax,2025,2,501.8,18.59,27,3518.0,364.57,0.1426,1.3764
LUCAS MENDONÇA,MR 2,2025,2,273.4,17.09,16,3158.0,255.63,0.0866,1.0695
MARCOS CAVALCANTI,Suezmax,2025,2,889.0,32.93,27,5809.0,499.02,0.153,1.7815
MARIA VALENTINA,Gaseiro 7k,2025,2,123.86,5.39,23,3385.0,273.5,0.0366,0.4529
PAULO MOURA,Suezmax,2025,2,737.0,35.1,21,4445.5,447.28,0.1658,1.6477
RAFAEL SANTOS,Suezmax,2025,2,1112.5,42.79,26,6705.0,576.5,0.1659,1.9297
RAUL MARTINS,Suezmax,2025,2,804.0,27.72,29,5568.0,546.84,0.1444,1.4703
RENATO GOMES,Aframax,2025,2,786.3,25.36,31,6624.0,609.17,0.1187,1.2908
RICARDO BARBOSA,Gaseiro 7k,2025,2,107.32,3.97,27,3402.0,360.59,0.0315,0.2976
RODRIGO PINHEIRO,Aframax,2025,2,774.71,26.71,29,8355.0,631.0,0.0927,1.2277
ROMARIO SILVA,MR 2,2025,2,284.9,11.87,24,3825.0,308.2,0.0745,0.9244
THIAGO FERNANDES,MR 2,2025,2,258.81,7.84,33,3511.0,292.21,0.0737,0.8857
TOTAL_FROTA,TODAS,2025,2,11163.37,21.06,530,98688.3,8725.58,0.1131,1.2794
VICTOR OLIVEIRA,Suezmax,2025,2,705.5,25.2,28,5286.0,476.94,0.1335,1.4792
BRUNO LIMA,Gaseiro 7k,2025,3,112.38,3.75,30,3232.9,377.09,0.0348,0.298
CARLA SILVA,Aframax,2025,3,83.0,4.88,17,815.0,78.68,0.1018,1.0549
DANIEL PEREIRA,Aframax,2025,3,650.5,30.98,21,5458.0,418.35,0.1192,1.5549
EDUARDO COSTA,MR 2,2025,3,361.97,13.41,27,3993.0,363.68,0.0907,0.9953
FELIPE RIBEIRO,Suezmax,2025,3,823.2,30.49,27,6468.0,508.17,0.1273,1.6199
FÁBIO SANTOS,Gaseiro 7k,2025,3,135.94,5.04,27,3258.0,410.07,0.0417,0.3315
GABRIELA MARTINS,Aframax,2025,3,626.57,17.9,35,4922.0,487.32,0.1273,1.2857
GISELLE CARVALHO,Suezmax,2025,3,262.35,18.74,14,2552.0,190.09,0.1028,1.3801
HENRIQUE ALVES,Suezmax,2025,3,908.3,26.71,34,6442.0,635.95,0.141,1.4283
LUCAS MENDONÇA,MR 2,2025,3,101.56,9.23,11,1566.0,110.9,0.0649,0.9158
MARCOS CAVALCANTI,Suezmax,2025,3,1204.8,36.51,33,8061.0,659.7,0.1495,1.8263
MARIA VALENTINA,Gaseiro 7k,2025,3,103.1,4.69,22,2770.0,328.18,0.0372,0.3142
PAULO MOURA,Suezmax,2025,3,477.0,26.5,18,2647.0,273.8,0.1802,1.7421
RAFAEL SANTOS,Suezmax,2025,3,834.2,26.91,31,5844.0,440.69,0.1427,1.8929
RAUL MARTINS,Suezmax,2025,3,604.0,26.26,23,4657.0,419.62,0.1297,1.4394
RENATO GOMES,Aframax,2025,3,80.21,3.65,22,718.0,250.88,0.1117,0.3197
RICARDO BARBOSA,Gaseiro 7k,2025,3,97.16,3.24,30,2939.0,621.47,0.0331,0.1563
RODRIGO PINHEIRO,Aframax,2025,3,427.4,19.43,22,4498.0,354.15,0.095,1.2068
ROMARIO SILVA,MR 2,2025,3,183.7,10.21,18,2906.1,221.07,0.0632,0.831
THIAGO FERNANDES,MR 2,2025,3,252.3,9.34,27,3125.0,281.54,0.0807,0.8961
TOTAL_FROTA,TODAS,2025,3,8724.14,16.68,523,80064.0,7793.59,0.109,1.1194
VICTOR OLIVEIRA,Suezmax,2025,3,394.5,11.6,34,3192.0,362.19,0.1236,1.0892
BRUNO LIMA,Gaseiro 7k,2025,4,117.65,4.2,28,3299.8,243.34,0.0357,0.4835
CARLA SILVA,Aframax,2025,4,4.0,1.0,4,47.0,7.27,0.0851,0.5502
DANIEL PEREIRA,Aframax,2025,4,516.0,27.16,19,3678.0,352.69,0.1403,1.463
EDUARDO COSTA,MR 2,2025,4,205.08,12.82,16,2072.0,181.9,0.099,1.1274
FELIPE RIBEIRO,Suezmax,2025,4,797.8,34.69,23,5893.0,464.2,0.1354,1.7187
FÁBIO SANTOS,Gaseiro 7k,2025,4,119.36,3.62,33,2756.0,245.37,0.0433,0.4864
GABRIELA MARTINS,Aframax,2025,4,927.71,30.92,30,7855.0,593.0,0.1181,1.5644
GISELLE CARVALHO,Suezmax,2025,4,1011.8,36.14,28,8722.0,636.9,0.116,1.5886
HENRIQUE ALVES,Suezmax,2025,4,859.5,24.56,35,7140.0,634.68,0.1204,1.3542
LUCAS MENDONÇA,MR 2,2025,4,237.5,10.33,23,2878.0,229.3,0.0825,1.0358
MARCOS CAVALCANTI,Suezmax,2025,4,600.01,21.43,28,3637.0,361.41,0.165,1.6602
MARIA VALENTINA,Gaseiro 7k,2025,4,152.41,4.92,31,4451.5,362.94,0.0342,0.4199
PAULO MOURA,Suezmax,2025,4,1248.5,41.62,30,6727.0,654.93,0.1856,1.9063
RAFAEL SANTOS,Suezmax,2025,4,957.4,36.82,26,6819.3,527.1,0.1404,1.8164
RICARDO BARBOSA,Gaseiro 7k,2025,4,163.0,5.09,32,4873.0,488.42,0.0334,0.3337
RODRIGO PINHEIRO,Aframax,2025,4,629.9,22.5,28,6844.0,576.02,0.092,1.0935
ROMARIO SILVA,MR 2,2025,4,204.33,9.73,21,2542.74,206.58,0.0804,0.9891
THIAGO FERNANDES,MR 2,2025,4,163.65,8.61,19,1850.0,179.85,0.0885,0.9099
TOTAL_FROTA,TODAS,2025,4,9596.1,20.2,475,86599.34,7320.45,0.1108,1.3109
VICTOR OLIVEIRA,Suezmax,2025,4,680.5,32.4,21,4514.0,374.55,0.1508,1.8168
BRUNO LIMA,Gaseiro 7k,2025,5,128.05,3.66,35,3395.5,286.4,0.0377,0.4471
CARLA SILVA,Aframax,2025,5,269.5,10.37,26,2250.0,214.33,0.1198,1.2574
DANIEL PEREIRA,Aframax,2025,5,369.0,15.38,24,3031.0,260.54,0.1217,1.4163
EDUARDO COSTA,MR 2,2025,5,265.48,10.62,25,2623.0,258.09,0.1012,1.0286
FELIPE RIBEIRO,Suezmax,2025,5,830.0,31.92,26,6052.9,489.8,0.1371,1.6946
FÁBIO SANTOS,Gaseiro 7k,2025,5,130.5,5.93,22,3449.0,246.54,0.0378,0.5293
GABRIELA MARTINS,Aframax,2025,5,488.0,22.18,22,3787.0,381.3,0.1289,1.2798
GISELLE CARVALHO,Suezmax,2025,5,1035.61,33.41,31,7056.0,560.82,0.1468,1.8466
HENRIQUE ALVES,Suezmax,2025,5,436.0,17.44,25,2871.0,285.13,0.1519,1.5291
LUCAS MENDONÇA,MR 2,2025,5,180.25,6.01,30,2424.5,398.0,0.0743,0.4529
MARCOS CAVALCANTI,Suezmax,2025,5,746.85,19.15,39,5147.5,456.59,0.1451,1.6357
MARIA VALENTINA,Gaseiro 7k,2025,5,159.78,4.84,33,4724.0,363.25,0.0338,0.4399
PAULO MOURA,Suezmax,2025,5,935.25,26.72,35,6006.0,547.1,0.1557,1.7095
RAFAEL SANTOS,Suezmax,2025,5,1415.0,45.65,31,8376.0,697.2,0.1689,2.0295
RAUL MARTINS,Suezmax,2025,5,475.52,27.97,17,4095.0,309.29,0.1161,1.5375
RICARDO BARBOSA,Gaseiro 7k,2025,5,140.1,4.67,30,3758.0,419.25,0.0373,0.3342
RODRIGO PINHEIRO,Aframax,2025,5,732.9,23.64,31,7156.0,579.22,0.1024,1.2653
ROMARIO SILVA,MR 2,2025,5,213.09,9.69,22,2707.0,212.64,0.0787,1.0021
THIAGO FERNANDES,MR 2,2025,5,178.43,7.14,25,1726.0,171.32,0.1034,1.0415
TOTAL_FROTA,TODAS,2025,5,9689.62,17.27,561,85629.4,7694.34,0.1132,1.2593
VICTOR OLIVEIRA,Suezmax,2025,5,560.3,17.51,32,4994.0,557.53,0.1122,1.005
BRUNO LIMA,Gaseiro 7k,2025,6,95.7,3.54,27,2323.7,391.1,0.0412,0.2447
CARLA SILVA,Aframax,2025,6,56.5,4.35,13,557.0,49.83,0.1014,1.1339
DANIEL PEREIRA,Aframax,2025,6,1087.0,35.06,31,8183.0,678.6,0.1328,1.6018
EDUARDO COSTA,MR 2,2025,6,215.43,9.79,22,1961.0,220.24,0.1099,0.9782
FELIPE RIBEIRO,Suezmax,2025,6,802.53,30.87,26,6505.3,502.65,0.1234,1.5966
FÁBIO SANTOS,Gaseiro 7k,2025,6,173.09,5.25,33,4515.0,384.35,0.0383,0.4503
GABRIELA MARTINS,Aframax,2025,6,969.3,32.31,30,7425.0,604.92,0.1305,1.6024
GISELLE CARVALHO,Suezmax,2025,6,486.46,21.15,23,3638.0,392.17,0.1337,1.2404
HENRIQUE ALVES,Suezmax,2025,6,375.0,16.3,23,2607.0,341.07,0.1438,1.0995
LUCAS MENDONÇA,MR 2,2025,6,305.2,9.54,32,4145.0,338.8,0.0736,0.9008
MARCOS CAVALCANTI,Suezmax,2025,6,330.56,13.77,24,2446.0,284.85,0.1351,1.1605
MARIA VALENTINA,Gaseiro 7k,2025,6,162.9,4.65,35,4929.0,390.5,0.033,0.4172
PAULO MOURA,Suezmax,2025,6,940.0,36.15,26,5497.0,496.08,0.171,1.8949
RAFAEL SANTOS,Suezmax,2025,6,536.2,28.22,19,3454.0,369.08,0.1552,1.4528
RAUL MARTINS,Suezmax,2025,6,958.0,34.21,28,6141.5,512.89,0.156,1.8678
RENATO GOMES,Aframax,2025,6,0.5,0.5,1,4.0,1.0,0.125,0.5
RICARDO BARBOSA,Gaseiro 7k,2025,6,119.58,4.78,25,3391.0,410.2,0.0353,0.2915
RODRIGO PINHEIRO,Aframax,2025,6,436.94,14.09,31,4580.8,434.76,0.0954,1.005
ROMARIO SILVA,MR 2,2025,6,295.94,12.87,23,4235.0,313.58,0.0699,0.9437
THIAGO FERNANDES,MR 2,2025,6,179.73,8.17,22,2255.0,199.03,0.0797,0.903
TOTAL_FROTA,TODAS,2025,6,9462.06,18.2,520,84470.3,7811.4,0.112,1.2113
VICTOR OLIVEIRA,Suezmax,2025,6,935.5,35.98,26,5677.0,495.7,0.1648,1.8872
BRUNO LIMA,Gaseiro 7k,2025,7,141.16,5.43,26,4007.0,301.55,0.0352,0.4681
CARLA SILVA,Aframax,2025,7,72.0,4.8,15,875.0,58.64,0.0823,1.2278
DANIEL PEREIRA,Aframax,2025,7,579.0,17.03,34,4971.0,525.95,0.1165,1.1009
EDUARDO COSTA,MR 2,2025,7,360.69,13.36,27,3259.0,323.33,0.1107,1.1155
FELIPE RIBEIRO,Suezmax,2025,7,547.91,22.83,24,3868.0,420.45,0.1417,1.3032
FÁBIO SANTOS,Gaseiro 7k,2025,7,152.47,5.26,29,3582.0,305.91,0.0426,0.4984
GABRIELA MARTINS,Aframax,2025,7,329.2,17.33,19,2608.0,244.5,0.1262,1.3464
GISELLE CARVALHO,Suezmax,2025,7,1069.66,38.2,28,8940.0,664.25,0.1196,1.6103
HENRIQUE ALVES,Suezmax,2025,7,186.0,14.31,13,1230.0,169.05,0.1512,1.1003
LUCAS MENDONÇA,MR 2,2025,7,164.06,7.13,23,2493.0,243.3,0.0658,0.6743
MARCOS CAVALCANTI,Suezmax,2025,7,278.36,12.65,22,2172.0,205.9,0.1282,1.3519
MARIA VALENTINA,Gaseiro 7k,2025,7,162.82,4.4,37,4811.0,546.74,0.0338,0.2978
PAULO MOURA,Suezmax,2025,7,783.7,27.99,28,4679.8,456.98,0.1675,1.715
RAFAEL SANTOS,Suezmax,2025,7,1102.4,36.75,30,6834.0,585.37,0.1613,1.8833
RAUL MARTINS,Suezmax,2025,7,655.0,43.67,15,3486.0,291.16,0.1879,2.2496
RENATO GOMES,Aframax,2025,7,232.25,10.56,22,1795.0,159.44,0.1294,1.4567
RICARDO BARBOSA,Gaseiro 7k,2025,7,154.5,6.18,25,4451.0,456.72,0.0347,0.3383
RODRIGO PINHEIRO,Aframax,2025,7,597.61,21.34,28,6003.0,523.83,0.0996,1.1408
ROMARIO SILVA,MR 2,2025,7,220.79,9.2,24,2915.0,238.51,0.0757,0.9257
THIAGO FERNANDES,MR 2,2025,7,213.8,10.18,21,2763.0,232.74,0.0774,0.9186
TOTAL_FROTA,TODAS,2025,7,8902.88,17.06,522,82305.8,7481.03,0.1082,1.1901
VICTOR OLIVEIRA,Suezmax,2025,7,899.5,28.11,32,6563.0,526.71,0.1371,1.7078
BRUNO LIMA,Gaseiro 7k,2025,8,70.93,3.94,18,1665.5,165.0,0.0426,0.4299
CARLA SILVA,Aframax,2025,8,13.0,4.33,3,112.0,11.7,0.1161,1.1111
DANIEL PEREIRA,Aframax,2025,8,1018.5,29.1,35,7635.5,620.31,0.1334,1.6419
EDUARDO COSTA,MR 2,2025,8,435.66,19.8,22,3793.0,371.95,0.1149,1.1713
FELIPE RIBEIRO,Suezmax,2025,8,888.71,32.92,27,6063.0,469.7,0.1466,1.8921
FÁBIO SANTOS,Gaseiro 7k,2025,8,143.44,6.24,23,2962.0,333.49,0.0484,0.4301
GABRIELA MARTINS,Aframax,2025,8,907.9,31.31,29,7454.0,614.4,0.1218,1.4777
GISELLE CARVALHO,Suezmax,2025,8,997.64,28.5,35,7737.0,593.86,0.1289,1.6799
HENRIQUE ALVES,Suezmax,2025,8,863.5,28.78,30,4567.0,451.47,0.1891,1.9126
LUCAS MENDONÇA,MR 2,2025,8,225.95,7.06,32,3305.3,260.5,0.0684,0.8674
MARCOS CAVALCANTI,Suezmax,2025,8,1385.61,41.99,33,7879.0,727.7,0.1759,1.9041
MARIA VALENTINA,Gaseiro 7k,2025,8,79.6,4.68,17,2167.0,364.67,0.0367,0.2183
PAULO MOURA,Suezmax,2025,8,458.41,14.79,31,2635.0,275.03,0.174,1.6668
RAFAEL SANTOS,Suezmax,2025,8,447.0,29.8,15,2854.6,261.92,0.1566,1.7066
RAUL MARTINS,Suezmax,2025,8,471.6,16.26,29,3501.9,351.5,0.1347,1.3417
RENATO GOMES,Aframax,2025,8,1035.82,35.72,29,7648.0,642.5,0.1354,1.6122
RICARDO BARBOSA,Gaseiro 7k,2025,8,168.6,5.62,30,4693.0,419.58,0.0359,0.4018
RODRIGO PINHEIRO,Aframax,2025,8,519.7,17.92,29,5326.0,525.78,0.0976,0.9884
ROMARIO SILVA,MR 2,2025,8,314.0,10.13,31,3954.0,307.07,0.0794,1.0226
THIAGO FERNANDES,MR 2,2025,8,167.2,13.93,12,1225.0,158.4,0.1365,1.0556
TOTAL_FROTA,TODAS,2025,8,11788.77,21.75,542,95390.8,8615.03,0.1236,1.3684
VICTOR OLIVEIRA,Suezmax,2025,8,1176.0,36.75,32,8213.0,688.5,0.1432,1.7081
BRUNO LIMA,Gaseiro 7k,2025,9,175.0,5.0,35,4737.6,486.03,0.0369,0.3601
CARLA SILVA,Aframax,2025,9,41.0,4.56,9,234.7,103.3,0.1747,0.3969
DANIEL PEREIRA,Aframax,2025,9,420.5,28.03,15,2871.0,241.03,0.1465,1.7446
EDUARDO COSTA,MR 2,2025,9,254.65,11.58,22,3168.0,252.25,0.0804,1.0095
FELIPE RIBEIRO,Suezmax,2025,9,924.31,28.88,32,7371.0,545.17,0.1254,1.6955
FÁBIO SANTOS,Gaseiro 7k,2025,9,149.93,4.54,33,3869.0,339.66,0.0388,0.4414
GABRIELA MARTINS,Aframax,2025,9,349.19,19.4,18,3199.4,254.1,0.1091,1.3742
GISELLE CARVALHO,Suezmax,2025,9,908.69,33.66,27,5879.0,655.99,0.1546,1.3852
HENRIQUE ALVES,Suezmax,2025,9,970.5,34.66,28,4922.0,484.0,0.1972,2.0052
LUCAS MENDONÇA,MR 2,2025,9,83.3,7.57,11,1092.0,115.7,0.0763,0.72
MARCOS CAVALCANTI,Suezmax,2025,9,264.83,12.61,21,1983.0,177.88,0.1336,1.4888
MARIA VALENTINA,Gaseiro 7k,2025,9,203.98,6.58,31,6061.0,475.67,0.0337,0.4288
PAULO MOURA,Suezmax,2025,9,1371.0,45.7,30,8315.0,720.0,0.1649,1.9042
RAFAEL SANTOS,Suezmax,2025,9,206.8,12.92,16,1291.7,289.84,0.1601,0.7135
RAUL MARTINS,Suezmax,2025,9,229.78,10.94,21,2091.5,267.1,0.1099,0.8603
RENATO GOMES,Aframax,2025,9,389.0,19.45,20,3112.7,263.77,0.125,1.4748
RICARDO BARBOSA,Gaseiro 7k,2025,9,186.8,5.49,34,4796.5,405.01,0.0389,0.4612
RODRIGO PINHEIRO,Aframax,2025,9,733.7,27.17,27,7427.0,591.3,0.0988,1.2408
ROMARIO SILVA,MR 2,2025,9,437.55,13.26,33,5632.0,446.74,0.0777,0.9794
THIAGO FERNANDES,MR 2,2025,9,251.0,13.94,18,2981.5,248.08,0.0842,1.0118
TOTAL_FROTA,TODAS,2025,9,8959.26,17.99,498,83995.8,7605.81,0.1067,1.1779
VICTOR OLIVEIRA,Suezmax,2025,9,407.75,23.99,17,2960.2,243.19,0.1377,1.6767
BRUNO LIMA,Gaseiro 7k,2025,10,144.59,4.99,29,3837.6,326.77,0.0377,0.4425
CARLA SILVA,Aframax,2025,10,99.7,14.24,7,804.0,92.23,0.124,1.081
DANIEL PEREIRA,Aframax,2025,10,515.0,28.61,18,3789.0,340.98,0.1359,1.5104
EDUARDO COSTA,MR 2,2025,10,101.65,5.65,18,905.0,89.98,0.1123,1.1297
FELIPE RIBEIRO,Suezmax,2025,10,943.8,34.96,27,6123.0,520.43,0.1541,1.8135
FÁBIO SANTOS,Gaseiro 7k,2025,10,154.94,5.16,30,3838.0,336.86,0.0404,0.46
GABRIELA MARTINS,Aframax,2025,10,849.33,27.4,31,8432.0,642.43,0.1007,1.3221
GISELLE CARVALHO,Suezmax,2025,10,484.06,28.47,17,4296.8,317.17,0.1127,1.5262
HENRIQUE ALVES,Suezmax,2025,10,1137.3,34.46,33,7660.0,640.52,0.1485,1.7756
LUCAS MENDONÇA,MR 2,2025,10,68.6,5.28,13,883.0,80.1,0.0777,0.8564
MARCOS CAVALCANTI,Suezmax,2025,10,1186.49,34.9,34,7545.0,638.22,0.1573,1.8591
MARIA VALENTINA,Gaseiro 7k,2025,10,124.47,5.66,22,3357.0,275.07,0.0371,0.4525
PAULO MOURA,Suezmax,2025,10,622.82,23.95,26,4123.0,546.0,0.1511,1.1407
RAFAEL SANTOS,Suezmax,2025,10,1392.2,40.95,34,7846.0,690.17,0.1774,2.0172
RAUL MARTINS,Suezmax,2025,10,1224.67,38.27,32,8545.8,676.5,0.1433,1.8103
RENATO GOMES,Aframax,2025,10,307.5,17.08,18,2491.0,220.1,0.1234,1.3971
RICARDO BARBOSA,Gaseiro 7k,2025,10,48.4,5.38,9,1172.0,112.83,0.0413,0.429
RODRIGO PINHEIRO,Aframax,2025,10,545.29,20.97,26,6213.5,486.07,0.0878,1.1218
ROMARIO SILVA,MR 2,2025,10,229.46,8.5,27,2905.0,221.5,0.079,1.0359
THIAGO FERNANDES,MR 2,2025,10,50.86,3.63,14,591.5,55.82,0.086,0.9111
TOTAL_FROTA,TODAS,2025,10,10708.93,22.13,484,89111.7,7616.63,0.1202,1.406
VICTOR OLIVEIRA,Suezmax,2025,10,477.8,25.15,19,3753.5,306.88,0.1273,1.557
BRUNO LIMA,Gaseiro 7k,2025,11,76.73,3.84,20,2154.1,189.19,0.0356,0.4056
CARLA SILVA,Aframax,2025,11,89.5,9.94,9,724.3,84.33,0.1236,1.0613
DANIEL PEREIRA,Aframax,2025,11,557.0,27.85,20,3531.0,333.18,0.1577,1.6718
EDUARDO COSTA,MR 2,2025,11,55.05,9.17,6,333.0,61.25,0.1653,0.8988
FELIPE RIBEIRO,Suezmax,2025,11,548.77,30.49,18,3560.5,293.93,0.1541,1.867
FÁBIO SANTOS,Gaseiro 7k,2025,11,101.19,4.4,23,2517.0,216.65,0.0402,0.4671
GABRIELA MARTINS,Aframax,2025,11,94.04,10.45,9,1076.0,79.4,0.0874,1.1844
HENRIQUE ALVES,Suezmax,2025,11,790.0,43.89,18,5020.0,431.92,0.1574,1.829
LUCAS MENDONÇA,MR 2,2025,11,40.2,6.7,6,469.0,42.2,0.0857,0.9526
MARCOS CAVALCANTI,Suezmax,2025,11,738.35,36.92,20,4245.8,381.25,0.1739,1.9367
MARIA VALENTINA,Gaseiro 7k,2025,11,36.13,6.02,6,1128.0,83.16,0.032,0.4345
PAULO MOURA,Suezmax,2025,11,16.32,5.44,3,44.0,101.6,0.3709,0.1606
RAFAEL SANTOS,Suezmax,2025,11,920.4,36.82,25,5944.0,450.07,0.1548,2.045
RAUL MARTINS,Suezmax,2025,11,745.52,31.06,24,5526.4,411.74,0.1349,1.8107
RENATO GOMES,Aframax,2025,11,839.8,33.59,25,6665.0,570.4,0.126,1.4723
RICARDO BARBOSA,Gaseiro 7k,2025,11,2.0,2.0,1,25.0,4.92,0.08,0.4065
RODRIGO PINHEIRO,Aframax,2025,11,304.0,20.27,15,3170.0,262.9,0.0959,1.1563
ROMARIO SILVA,MR 2,2025,11,108.8,9.07,12,1391.5,107.42,0.0782,1.0128
THIAGO FERNANDES,MR 2,2025,11,128.4,9.17,14,1581.0,140.22,0.0812,0.9157
TOTAL_FROTA,TODAS,2025,11,6568.8,22.65,290,52034.4,4486.13,0.1262,1.4642
VICTOR OLIVEIRA,Suezmax,2025,11,376.6,23.54,16,2928.8,240.4,0.1286,1.5666
