shipName,Classe,ano,mes,consumo_por_milha,consumo_por_hora,consumo_por_displacement,eficiencia_transporte,consumo_ton,distance,duration
RODRIGO PINHEIRO,Aframax,2021,3,1.1131,3.5743,0.2968,6.7122,61.6,392.0,35.95
TOTAL_FROTA,TODAS,2021,3,1.1131,3.5743,0.2968,6.7122,61.6,392.0,35.95
RODRIGO PINHEIRO,Aframax,2021,4,0.6618,1.6932,0.3997,7.8552,602.53,5252.9,428.72
ROMARIO SILVA,MR 2,2021,4,0.1139,0.8899,0.4335,12.9316,140.5,1706.5,149.94
TOTAL_FROTA,TODAS,2021,4,0.5124,1.4741,0.4061,9.2397,743.03,6959.4,578.66
DANIEL PEREIRA,Aframax,2021,5,0.1645,1.9124,0.363,6.0936,327.0,1992.0,171.0
RODRIGO PINHEIRO,Aframax,2021,5,0.1603,1.721,0.2984,8.2186,1027.41,8321.0,656.25
ROMARIO SILVA,MR 2,2021,5,0.3516,1.0701,0.4913,10.1166,432.02,5298.4,500.92
TOTAL_FROTA,TODAS,2021,5,0.2436,1.4592,0.3767,8.8181,1786.43,15611.4,1328.17
BRUNO LIMA,Gaseiro 7k,2021,6,0.1251,0.7298,1.2194,21.0829,104.0,2526.0,203.42
DANIEL PEREIRA,Aframax,2021,6,0.2892,1.8012,0.303,6.2105,458.21,3125.0,287.72
FÁBIO SANTOS,Gaseiro 7k,2021,6,0.1308,0.6153,1.3902,17.6409,34.0,835.0,66.16
LUCAS MENDONÇA,MR 2,2021,6,0.1295,1.065,0.5835,16.1541,476.18,6194.8,441.95
MARCOS CAVALCANTI,Suezmax,2021,6,0.1455,1.8158,0.5326,6.912,596.0,4121.0,329.5
MARIA VALENTINA,Gaseiro 7k,2021,6,0.0865,0.5966,1.3781,16.2829,68.8,1417.0,121.83
PAULO MOURA,Suezmax,2021,6,0.123,1.6842,0.4119,8.2257,446.0,3637.0,265.0
RAUL MARTINS,Suezmax,2021,6,0.2338,2.4219,0.2732,5.5513,412.0,2598.4,193.08
RENATO GOMES,Aframax,2021,6,0.1436,1.732,0.3207,7.0254,797.0,5592.0,462.0
RODRIGO PINHEIRO,Aframax,2021,6,0.1974,1.8611,0.4489,9.2562,525.01,5185.5,418.07
ROMARIO SILVA,MR 2,2021,6,0.1106,0.8765,0.4867,13.5476,360.33,4631.5,397.76
TOTAL_FROTA,TODAS,2021,6,0.1597,1.4212,0.541,11.2991,4277.53,39863.2,3186.49
BRUNO LIMA,Gaseiro 7k,2021,7,0.0506,0.4296,0.9297,64.3154,216.901,6284.4,514.59
CARLA SILVA,Aframax,2021,7,0.129,1.3475,0.4475,8.253,163.0,1218.0,113.5
DANIEL PEREIRA,Aframax,2021,7,0.2216,1.0663,0.2112,7.0023,65.33,481.0,40.59
EDUARDO COSTA,MR 2,2021,7,0.1825,1.0343,0.227,6.4338,16.92,156.0,16.25
FELIPE RIBEIRO,Suezmax,2021,7,0.1447,1.7465,0.229,6.9587,117.0,803.0,66.5
FÁBIO SANTOS,Gaseiro 7k,2021,7,0.0711,0.4979,1.1209,24.3555,154.0,4441.0,375.26
GABRIELA MARTINS,Aframax,2021,7,0.229,0.9897,0.1506,4.8235,166.1,930.9,193.2
GISELLE CARVALHO,Suezmax,2021,7,0.1489,2.1317,0.6335,7.0943,749.0,5028.0,348.5
LUCAS MENDONÇA,MR 2,2021,7,0.1318,1.1535,0.3398,12.8573,292.3,3932.6,280.3
MARCOS CAVALCANTI,Suezmax,2021,7,0.3498,2.6128,0.2705,16.5796,282.0,2342.0,193.4
MARIA VALENTINA,Gaseiro 7k,2021,7,0.142,0.801,1.0844,19.5611,130.9,3399.9,278.85
PAULO MOURA,Suezmax,2021,7,0.1363,1.6166,0.3498,8.2679,881.0,6409.0,522.4
RAUL MARTINS,Suezmax,2021,7,0.1615,2.0464,0.2746,6.5704,1173.0,7288.0,573.0
RENATO GOMES,Aframax,2021,7,0.1453,3.7031,0.3163,10.9045,517.0,3446.0,288.7
RICARDO BARBOSA,Gaseiro 7k,2021,7,0.0526,0.47,1.0893,22.7643,100.3,2815.3,219.5
RODRIGO PINHEIRO,Aframax,2021,7,0.1654,1.4677,0.2604,7.9985,771.33,6564.0,563.92
ROMARIO SILVA,MR 2,2021,7,0.1688,0.8176,0.509,11.1716,185.96,1958.0,226.54
THIAGO FERNANDES,MR 2,2021,7,0.1126,0.821,,10.25,3.0,27.0,3.92
TOTAL_FROTA,TODAS,2021,7,0.1384,1.2791,0.5247,19.0065,5985.041,57524.1,4818.92
BRUNO LIMA,Gaseiro 7k,2021,8,0.0791,0.6583,0.7856,22.2119,99.14,2216.8,177.49
CARLA SILVA,Aframax,2021,8,0.2213,0.8078,0.1399,12.2453,137.0,1015.0,184.9
DANIEL PEREIRA,Aframax,2021,8,0.1938,1.5095,0.327,7.1272,168.67,1171.4,96.05
EDUARDO COSTA,MR 2,2021,8,0.1193,1.0384,0.3228,9.686,256.568,2662.0,238.76
FELIPE RIBEIRO,Suezmax,2021,8,0.1681,1.6429,0.2205,6.106,1164.0,7196.0,702.1
FÁBIO SANTOS,Gaseiro 7k,2021,8,0.0764,0.5549,0.5418,19.9696,85.5,2213.0,189.1
GABRIELA MARTINS,Aframax,2021,8,0.1624,1.6895,0.3087,6.2833,839.52,5427.0,482.1
GISELLE CARVALHO,Suezmax,2021,8,0.1857,1.6699,0.3921,7.3837,793.0,5890.0,473.32
LUCAS MENDONÇA,MR 2,2021,8,0.1122,0.9851,0.369,10.537,451.2,5255.0,453.55
MARCOS CAVALCANTI,Suezmax,2021,8,0.2163,1.3672,0.2489,7.8124,494.0,3970.0,366.8
MARIA VALENTINA,Gaseiro 7k,2021,8,0.0747,0.6054,0.6967,22.4402,129.0,3636.0,319.1
PAULO MOURA,Suezmax,2021,8,0.1251,1.3283,0.1872,9.8914,580.0,4308.0,394.22
RAUL MARTINS,Suezmax,2021,8,0.3638,1.9565,0.2129,7.069,723.0,5395.1,435.65
RENATO GOMES,Aframax,2021,8,0.137,1.7,0.4519,8.5067,993.0,7915.0,606.3
RICARDO BARBOSA,Gaseiro 7k,2021,8,0.0603,0.5304,0.7196,22.4485,175.3,4474.9,396.74
RODRIGO PINHEIRO,Aframax,2021,8,0.199,1.4014,0.262,6.4145,532.72,4068.2,345.34
ROMARIO SILVA,MR 2,2021,8,0.229,1.0593,0.2435,9.5098,345.43,4005.2,330.49
THIAGO FERNANDES,MR 2,2021,8,0.2203,1.2805,0.2612,6.1919,104.13,760.0,76.58
TOTAL_FROTA,TODAS,2021,8,0.1585,1.2079,0.3777,11.5069,8071.178,71578.6,6268.59
BRUNO LIMA,Gaseiro 7k,2021,9,0.066,0.4655,0.3911,32.8592,35.32,929.0,86.66
CARLA SILVA,Aframax,2021,9,0.1171,1.3327,0.3045,8.8987,645.0,5290.0,446.3
DANIEL PEREIRA,Aframax,2021,9,0.1673,1.8237,0.3209,6.2875,946.0,5592.0,506.95
EDUARDO COSTA,MR 2,2021,9,0.1509,1.1338,0.4738,8.7053,443.08,4577.0,393.25
FELIPE RIBEIRO,Suezmax,2021,9,0.1582,1.1962,0.0928,9.1456,177.0,1198.5,103.27
FÁBIO SANTOS,Gaseiro 7k,2021,9,0.0643,0.4512,0.5643,21.7932,104.9,2643.0,249.01
GABRIELA MARTINS,Aframax,2021,9,0.2383,1.4384,0.1768,5.6476,705.25,4866.6,427.43
GISELLE CARVALHO,Suezmax,2021,9,0.1876,2.1176,0.2877,5.497,1317.3,7429.0,622.83
HENRIQUE ALVES,Suezmax,2021,9,0.2261,2.1295,0.2295,5.3263,1089.0,5679.0,531.6
LUCAS MENDONÇA,MR 2,2021,9,0.0761,0.8859,0.4411,15.5955,190.6,2405.5,170.6
MARCOS CAVALCANTI,Suezmax,2021,9,0.3404,1.6345,0.1802,9.7531,468.0,3657.0,372.8
MARIA VALENTINA,Gaseiro 7k,2021,9,0.0769,0.5633,0.7591,20.237,162.8,3937.0,322.59
PAULO MOURA,Suezmax,2021,9,0.1377,1.5756,0.2169,7.9365,876.0,6055.0,512.09
RAFAEL SANTOS,Suezmax,2021,9,0.1829,2.2685,0.3129,5.4941,490.0,2685.0,216.0
RAUL MARTINS,Suezmax,2021,9,0.246,1.9991,0.2016,5.3674,1022.0,6277.7,523.97
RENATO GOMES,Aframax,2021,9,0.1303,1.574,0.28,15.5681,860.2,6726.0,522.4
RICARDO BARBOSA,Gaseiro 7k,2021,9,0.0507,0.4068,0.473,25.1841,110.4,3198.16,275.83
RODRIGO PINHEIRO,Aframax,2021,9,0.18,1.0789,0.0105,5.625,1.6,9.0,1.5
ROMARIO SILVA,MR 2,2021,9,0.1841,1.0998,0.3878,10.1875,371.03,4364.73,335.31
THIAGO FERNANDES,MR 2,2021,9,0.0847,0.8052,0.5226,38.5041,377.25,4049.0,370.66
TOTAL_FROTA,TODAS,2021,9,0.1625,1.3425,0.339,12.4121,10392.73,81568.19,6991.05
BRUNO LIMA,Gaseiro 7k,2021,10,0.0568,0.5213,0.5741,26.3777,104.112,2787.0,226.99
CARLA SILVA,Aframax,2021,10,0.1746,1.7066,0.2408,6.8882,716.0,5420.0,461.49
DANIEL PEREIRA,Aframax,2021,10,0.1536,1.843,0.4346,7.9417,1137.0,8409.0,653.84
EDUARDO COSTA,MR 2,2021,10,0.1528,1.1318,0.3798,11.8278,279.75,3038.0,248.09
FELIPE RIBEIRO,Suezmax,2021,10,0.203,1.9266,0.3469,5.7848,1453.63,8608.0,727.6
FÁBIO SANTOS,Gaseiro 7k,2021,10,0.039,0.4405,0.6802,26.685,181.22,5015.5,400.54
GABRIELA MARTINS,Aframax,2021,10,0.1389,1.5043,0.3531,8.2069,789.37,6330.0,501.7
GISELLE CARVALHO,Suezmax,2021,10,0.1536,1.9283,0.311,18.3868,1040.41,8353.0,543.4
HENRIQUE ALVES,Suezmax,2021,10,0.2666,2.2554,0.1882,5.2948,876.0,4374.5,437.33
LUCAS MENDONÇA,MR 2,2021,10,0.097,0.9945,0.3535,11.7391,374.2,4655.5,349.01
MARCOS CAVALCANTI,Suezmax,2021,10,0.1817,1.5432,0.164,9.0846,489.79,4089.0,326.49
MARIA VALENTINA,Gaseiro 7k,2021,10,0.0617,0.4841,0.6314,25.4566,169.6008,4742.5,371.32
PAULO MOURA,Suezmax,2021,10,0.1164,1.5137,0.4049,8.8276,1083.0,9465.0,715.98
RAFAEL SANTOS,Suezmax,2021,10,0.3409,4.1677,0.4779,9.8018,1517.2,3362.0,274.92
RAUL MARTINS,Suezmax,2021,10,0.1334,1.5752,0.4128,7.8868,1109.5,9008.8,706.4
RENATO GOMES,Aframax,2021,10,0.1906,1.7192,0.2463,6.2422,955.529,6448.3,555.79
RICARDO BARBOSA,Gaseiro 7k,2021,10,0.0404,0.382,0.5225,26.2872,163.2,4742.5,409.01
RODRIGO PINHEIRO,Aframax,2021,10,0.1425,1.6631,0.3161,7.0972,1246.7,8906.0,743.33
ROMARIO SILVA,MR 2,2021,10,0.1397,0.7366,0.1704,12.4224,160.2,2156.5,243.4
THIAGO FERNANDES,MR 2,2021,10,0.1044,1.13,0.2577,10.9884,71.7,905.3,62.58
TOTAL_FROTA,TODAS,2021,10,0.1431,1.4455,0.3747,12.5663,13918.1118,110816.4,8959.21
BRUNO LIMA,Gaseiro 7k,2021,11,0.0463,0.4985,0.5038,25.5518,96.254,2696.5,216.93
CARLA SILVA,Aframax,2021,11,0.1921,1.5832,0.1432,5.5083,174.0,1227.0,108.57
DANIEL PEREIRA,Aframax,2021,11,0.8246,1.9666,0.4588,6.3886,409.0,3209.5,244.07
EDUARDO COSTA,MR 2,2021,11,0.132,1.1275,0.6114,9.0835,461.29,4502.0,415.42
FELIPE RIBEIRO,Suezmax,2021,11,0.4008,1.9266,0.2852,4.6495,770.55,4412.5,356.28
FÁBIO SANTOS,Gaseiro 7k,2021,11,0.4783,0.393,0.3906,32.9306,88.3,2143.8,215.92
GABRIELA MARTINS,Aframax,2021,11,0.2328,1.6767,0.2948,6.5005,869.5963,6261.0,493.7
GISELLE CARVALHO,Suezmax,2021,11,0.1882,1.8985,0.3589,6.7308,838.29,5229.0,445.68
HENRIQUE ALVES,Suezmax,2021,11,0.1784,2.1163,0.6232,5.6485,1522.0,8561.0,720.0
LUCAS MENDONÇA,MR 2,2021,11,0.0968,0.9489,0.455,12.4242,277.2,3846.6,283.0
MARCOS CAVALCANTI,Suezmax,2021,11,0.155,1.7478,0.2024,6.7796,779.3,5535.0,441.71
MARIA VALENTINA,Gaseiro 7k,2021,11,0.0479,0.4487,0.6528,27.4483,146.1492,4542.0,371.24
PAULO MOURA,Suezmax,2021,11,0.1399,1.7889,0.2694,7.3311,442.0,3122.0,244.0
RAFAEL SANTOS,Suezmax,2021,11,0.1923,1.7144,0.1936,6.1731,430.9,2920.0,239.51
RAUL MARTINS,Suezmax,2021,11,0.1717,1.787,0.2239,6.1741,742.64,4877.0,427.95
RENATO GOMES,Aframax,2021,11,0.1935,1.5571,0.2774,7.0278,855.17,6266.5,515.37
RICARDO BARBOSA,Gaseiro 7k,2021,11,0.044,0.4119,0.6186,25.2444,115.7,3404.0,271.16
RODRIGO PINHEIRO,Aframax,2021,11,0.1369,1.4292,0.4184,8.0055,836.41,7411.0,562.28
ROMARIO SILVA,MR 2,2021,11,0.0792,0.6084,0.1778,22.4818,190.87,2647.7,279.76
THIAGO FERNANDES,MR 2,2021,11,0.0841,1.0752,0.2656,12.0709,254.5,3185.0,232.18
TOTAL_FROTA,TODAS,2021,11,0.1924,1.3154,0.3763,12.5507,10300.1195,85999.1,7084.73
BRUNO LIMA,Gaseiro 7k,2021,12,0.0488,0.4934,0.3573,24.6607,75.02,2179.0,180.57
CARLA SILVA,Aframax,2021,12,0.1853,1.5426,0.1756,6.263,475.6,3624.0,314.4
DANIEL PEREIRA,Aframax,2021,12,0.162,1.7845,0.248,6.7676,714.5,4605.2,394.86
EDUARDO COSTA,MR 2,2021,12,0.1517,1.1162,0.7409,8.4636,270.54,2381.0,243.58
FELIPE RIBEIRO,Suezmax,2021,12,0.1813,2.255,0.3014,5.5408,1437.28,8019.0,632.0
GABRIELA MARTINS,Aframax,2021,12,0.1531,1.5486,0.2591,6.9598,1028.77,7415.0,631.4
GISELLE CARVALHO,Suezmax,2021,12,0.199,2.1491,0.2708,5.4636,1384.0,7796.0,635.9
HENRIQUE ALVES,Suezmax,2021,12,0.396,1.4299,0.1141,3.6001,65.0,371.0,36.4
LUCAS MENDONÇA,MR 2,2021,12,0.1009,1.0017,0.2559,11.1229,244.36,2949.0,237.3
MARCOS CAVALCANTI,Suezmax,2021,12,0.1621,1.5326,0.1752,7.435,684.2,5747.0,460.49
MARIA VALENTINA,Gaseiro 7k,2021,12,0.0443,0.4305,0.5503,24.4142,150.8,3971.5,340.59
PAULO MOURA,Suezmax,2021,12,0.1505,1.8491,0.2491,6.7008,1076.0,7082.0,565.9
RAFAEL SANTOS,Suezmax,2021,12,0.1641,1.7344,0.2072,6.8268,701.35,5028.0,407.42
RAUL MARTINS,Suezmax,2021,12,0.1534,1.6445,0.1975,7.0639,710.0,5258.0,450.83
RENATO GOMES,Aframax,2021,12,0.2115,1.6341,0.5366,7.5144,889.0,7267.0,586.85
RICARDO BARBOSA,Gaseiro 7k,2021,12,0.0446,0.4308,0.6225,24.3512,193.55,5336.0,427.37
RODRIGO PINHEIRO,Aframax,2021,12,0.1607,1.5571,0.3187,7.3879,1060.9,7923.0,662.57
ROMARIO SILVA,MR 2,2021,12,0.1131,0.749,0.2583,15.5387,99.06,1339.5,108.18
THIAGO FERNANDES,MR 2,2021,12,0.1128,1.1927,0.3158,10.8057,312.2,3244.0,263.62
TOTAL_FROTA,TODAS,2021,12,0.1431,1.3932,0.3253,10.6337,11667.99,92084.2,7625.81
VICTOR OLIVEIRA,Suezmax,2021,12,0.1346,1.4991,0.1999,8.6012,95.86,549.0,45.58
BRUNO LIMA,Gaseiro 7k,2022,1,0.0497,0.4285,0.6087,28.9749,180.26,5979.5,464.66
CARLA SILVA,Aframax,2022,1,0.2625,1.5562,0.1245,4.9202,163.1,1107.8,100.2
DANIEL PEREIRA,Aframax,2022,1,0.1851,2.0126,0.2844,5.8161,913.0,5684.0,484.04
FELIPE RIBEIRO,Suezmax,2022,1,0.3313,1.918,0.0868,3.6171,91.8,385.2,43.94
FÁBIO SANTOS,Gaseiro 7k,2022,1,0.05,0.4,0.0715,20.0,0.5,10.0,1.25
GABRIELA MARTINS,Aframax,2022,1,0.1368,1.2063,0.241,8.751,591.827,4857.0,415.97
GISELLE CARVALHO,Suezmax,2022,1,0.2578,1.9735,0.1864,6.3538,566.6,3646.0,275.78
HENRIQUE ALVES,Suezmax,2022,1,0.5815,2.5136,0.2237,3.9532,385.0,1933.5,191.4
LUCAS MENDONÇA,MR 2,2022,1,0.1352,1.0105,0.2246,9.802,366.25,4486.0,352.95
MARCOS CAVALCANTI,Suezmax,2022,1,0.1775,1.4294,0.1345,7.5817,652.15,5110.0,478.37
MARIA VALENTINA,Gaseiro 7k,2022,1,0.0442,0.4319,0.7324,26.4036,197.44,5170.0,438.41
PAULO MOURA,Suezmax,2022,1,0.1042,1.4104,0.444,10.7806,284.0,2515.0,178.27
RAFAEL SANTOS,Suezmax,2022,1,0.1717,1.9502,0.2728,6.1794,1307.0,8159.0,673.5
RAUL MARTINS,Suezmax,2022,1,0.1501,1.7147,0.375,7.2365,978.76,7445.5,586.58
RENATO GOMES,Aframax,2022,1,0.3329,1.487,0.172,6.6549,652.78,5565.0,549.58
RICARDO BARBOSA,Gaseiro 7k,2022,1,0.0452,0.4682,0.7308,23.0346,209.85,5200.5,442.37
RODRIGO PINHEIRO,Aframax,2022,1,0.1536,1.498,0.2538,7.164,775.65,6077.6,478.61
ROMARIO SILVA,MR 2,2022,1,0.2208,1.0309,0.1764,8.1188,209.0,2180.0,219.31
THIAGO FERNANDES,MR 2,2022,1,0.1474,1.4393,0.5062,11.4375,339.26,3543.0,286.91
TOTAL_FROTA,TODAS,2022,1,0.1751,1.3403,0.3281,11.3356,9210.977,81263.1,7029.11
VICTOR OLIVEIRA,Suezmax,2022,1,0.1912,1.7518,0.143,8.8008,346.75,2208.5,367.01
BRUNO LIMA,Gaseiro 7k,2022,2,0.048,0.4502,0.5706,23.3873,105.57,2912.0,234.58
CARLA SILVA,Aframax,2022,2,0.1706,1.2781,0.1679,6.901,405.7,3066.7,321.0
DANIEL PEREIRA,Aframax,2022,2,0.1176,1.4896,0.5382,8.8414,979.0,8861.0,661.25
EDUARDO COSTA,MR 2,2022,2,0.0857,1.1148,0.7184,12.2574,372.37,4757.0,333.0
FELIPE RIBEIRO,Suezmax,2022,2,0.2136,2.1638,0.2813,5.0397,1388.0,6383.0,619.0
FÁBIO SANTOS,Gaseiro 7k,2022,2,0.0646,0.3938,0.3917,24.4213,58.78,1595.0,151.03
GABRIELA MARTINS,Aframax,2022,2,0.0914,1.2204,0.4536,12.3454,711.2,7464.0,556.8
GISELLE CARVALHO,Suezmax,2022,2,0.1744,1.9106,0.4834,7.79,1141.4,7460.6,586.84
HENRIQUE ALVES,Suezmax,2022,2,0.4559,2.1355,0.2528,3.7502,367.0,1845.5,188.4
LUCAS MENDONÇA,MR 2,2022,2,0.2862,0.8492,0.1595,8.0341,126.68,1394.54,175.85
MARCOS CAVALCANTI,Suezmax,2022,2,0.2135,1.6358,0.1771,6.4948,516.1,3864.0,298.41
MARIA VALENTINA,Gaseiro 7k,2022,2,0.0676,0.444,0.8215,24.9949,179.28,5098.0,403.92
PAULO MOURA,Suezmax,2022,2,0.1272,1.6232,0.3241,7.9547,654.0,5097.0,401.9
RAFAEL SANTOS,Suezmax,2022,2,0.1497,1.7436,0.4905,6.817,729.0,4988.0,409.83
RAUL MARTINS,Suezmax,2022,2,0.1527,1.8251,0.2806,7.3898,996.2,6963.3,549.57
RENATO GOMES,Aframax,2022,2,0.2006,1.5098,0.4208,7.8138,641.55,4939.5,412.0
RICARDO BARBOSA,Gaseiro 7k,2022,2,0.0496,0.4479,0.5448,22.7961,133.1,3314.0,286.66
RODRIGO PINHEIRO,Aframax,2022,2,0.1156,1.4274,0.4939,9.1574,792.1,7334.0,548.22
ROMARIO SILVA,MR 2,2022,2,0.2378,0.9855,0.2494,10.8555,184.68,2207.0,179.84
THIAGO FERNANDES,MR 2,2022,2,0.1513,0.8454,0.2244,13.8961,132.2,1213.0,163.51
TOTAL_FROTA,TODAS,2022,2,0.1595,1.3444,0.4018,11.278,11403.46,94759.64,7955.34
VICTOR OLIVEIRA,Suezmax,2022,2,0.2619,2.3533,0.2192,5.2963,789.55,4002.5,473.73
BRUNO LIMA,Gaseiro 7k,2022,3,0.0548,0.4506,0.5436,23.5412,140.69,3940.5,312.57
CARLA SILVA,Aframax,2022,3,0.1644,1.5561,0.2665,6.6311,997.25,7067.0,636.0
DANIEL PEREIRA,Aframax,2022,3,0.1718,1.8268,0.3394,8.8531,325.0,2706.0,207.16
EDUARDO COSTA,MR 2,2022,3,0.144,1.0871,0.3089,21.6878,265.13,4879.02,228.5
FELIPE RIBEIRO,Suezmax,2022,3,0.2156,1.7415,0.2163,5.7174,728.0,3677.0,348.96
FÁBIO SANTOS,Gaseiro 7k,2022,3,0.0581,0.3756,0.482,24.7279,105.97,2551.4,247.0
GABRIELA MARTINS,Aframax,2022,3,0.2599,1.4865,0.1576,6.7013,471.7,3428.0,336.37
GISELLE CARVALHO,Suezmax,2022,3,0.2486,2.0237,0.263,5.4146,966.6,6165.8,498.77
HENRIQUE ALVES,Suezmax,2022,3,0.4747,2.1473,0.2565,4.2507,753.0,3514.0,400.53
LUCAS MENDONÇA,MR 2,2022,3,0.1526,0.9193,0.1692,10.0205,183.96,2308.4,197.35
MARCOS CAVALCANTI,Suezmax,2022,3,0.1395,1.5547,0.3347,7.8549,881.85,7085.0,557.74
MARIA VALENTINA,Gaseiro 7k,2022,3,0.0642,0.4611,0.8137,25.4056,150.52,4263.5,350.75
PAULO MOURA,Suezmax,2022,3,0.1528,1.8461,0.2685,6.6401,824.0,5521.0,438.8
RAFAEL SANTOS,Suezmax,2022,3,0.2076,2.2756,0.4694,6.4095,535.0,3455.0,301.0
RAUL MARTINS,Suezmax,2022,3,0.1152,1.2586,0.3614,10.8865,625.2,5201.2,463.48
RENATO GOMES,Aframax,2022,3,0.1428,1.6621,0.3017,7.1261,1152.85,8274.0,687.1
RICARDO BARBOSA,Gaseiro 7k,2022,3,0.0443,0.4175,0.5344,26.8255,203.99,5400.0,481.58
RODRIGO PINHEIRO,Aframax,2022,3,0.1646,1.3418,0.276,8.1993,719.62,6617.5,520.55
ROMARIO SILVA,MR 2,2022,3,0.1099,0.9759,0.3135,10.3823,367.77,4056.15,357.89
THIAGO FERNANDES,MR 2,2022,3,0.0898,1.0387,0.3506,11.9717,237.615,3143.0,228.08
TOTAL_FROTA,TODAS,2022,3,0.1611,1.3367,0.3514,12.0153,12121.715,101404.47,8475.38
VICTOR OLIVEIRA,Suezmax,2022,3,0.2029,2.2659,0.3503,5.7104,1486.0,8151.0,675.2
BRUNO LIMA,Gaseiro 7k,2022,4,0.0442,0.4499,0.6911,24.7236,219.64,6049.0,489.84
CARLA SILVA,Aframax,2022,4,0.1411,1.4666,0.4837,7.8497,891.5,7491.0,603.2
DANIEL PEREIRA,Aframax,2022,4,0.2258,1.6837,0.2487,7.9222,675.0,5327.0,417.77
EDUARDO COSTA,MR 2,2022,4,0.15,1.1751,0.3822,9.7803,326.95,3468.0,269.01
FELIPE RIBEIRO,Suezmax,2022,4,0.2257,2.1968,0.6511,5.0708,1591.0,8174.0,720.0
FÁBIO SANTOS,Gaseiro 7k,2022,4,0.0527,0.5693,0.4603,24.4905,82.53,2155.5,175.99
GABRIELA MARTINS,Aframax,2022,4,0.1508,1.6131,0.2948,7.2686,989.0,6862.0,600.77
GISELLE CARVALHO,Suezmax,2022,4,0.2037,2.0472,0.4309,5.8927,1048.4,6844.55,515.58
HENRIQUE ALVES,Suezmax,2022,4,0.2061,1.7156,0.2442,5.8624,601.0,3300.0,367.3
LUCAS MENDONÇA,MR 2,2022,4,0.1149,0.9473,0.2307,10.1154,191.4,2372.7,201.25
MARCOS CAVALCANTI,Suezmax,2022,4,0.1974,1.6075,0.2081,6.0892,603.95,4287.0,346.67
MARIA VALENTINA,Gaseiro 7k,2022,4,0.1538,0.6921,0.1726,15.25,6.07,109.0,12.25
PAULO MOURA,Suezmax,2022,4,0.1514,1.4672,0.1334,7.3352,482.95,3245.4,271.47
RAFAEL SANTOS,Suezmax,2022,4,0.1908,2.3658,0.3019,7.1478,1266.0,6598.0,532.0
RAUL MARTINS,Suezmax,2022,4,0.1774,1.9074,0.2587,5.8082,943.0,5609.0,463.4
RENATO GOMES,Aframax,2022,4,0.2233,1.619,0.3504,6.0491,603.13,4601.9,381.0
RICARDO BARBOSA,Gaseiro 7k,2022,4,0.0442,0.352,0.3743,25.763,94.102,2809.0,245.25
RODRIGO PINHEIRO,Aframax,2022,4,0.394,1.4294,0.3193,7.4445,716.52,5851.6,502.43
ROMARIO SILVA,MR 2,2022,4,0.0985,0.9421,0.2772,12.1537,280.74,3501.9,262.33
THIAGO FERNANDES,MR 2,2022,4,0.1397,1.0514,0.2227,8.8255,192.436,2243.0,180.4
TOTAL_FROTA,TODAS,2022,4,0.1641,1.4247,0.3646,10.5651,12797.318,97178.55,8035.24
VICTOR OLIVEIRA,Suezmax,2022,4,0.194,2.2233,0.4505,9.7716,992.0,6279.0,477.33
BRUNO LIMA,Gaseiro 7k,2022,5,0.0458,0.4494,0.6745,24.5321,178.66,5136.5,397.15
CARLA SILVA,Aframax,2022,5,0.3354,2.8726,0.3103,11.348,478.0,3426.0,298.8
DANIEL PEREIRA,Aframax,2022,5,0.115,1.3651,0.5425,10.3642,651.0,5619.0,468.25
EDUARDO COSTA,MR 2,2022,5,0.138,1.1402,0.4711,8.8576,227.31,2076.5,203.93
FELIPE RIBEIRO,Suezmax,2022,5,0.2338,1.8167,0.2148,4.8246,424.394,2211.0,225.01
FÁBIO SANTOS,Gaseiro 7k,2022,5,0.0429,0.3944,0.5042,26.5117,133.799,4062.4,342.32
GABRIELA MARTINS,Aframax,2022,5,0.0954,1.1532,0.3679,16.3023,428.0,3927.0,303.74
GISELLE CARVALHO,Suezmax,2022,5,0.6415,2.1037,0.2674,5.8917,825.9,4980.8,395.17
HENRIQUE ALVES,Suezmax,2022,5,0.324,1.7666,0.1286,4.1191,365.0,1853.0,195.6
LUCAS MENDONÇA,MR 2,2022,5,0.1284,1.0477,0.317,9.2721,467.7,4723.6,430.6
MARCOS CAVALCANTI,Suezmax,2022,5,0.2373,1.6118,0.1782,6.3397,479.0,3516.0,295.9
MARIA VALENTINA,Gaseiro 7k,2022,5,0.0532,0.492,0.7815,21.1997,165.28,3914.0,336.84
PAULO MOURA,Suezmax,2022,5,0.1592,1.7236,0.205,6.5357,958.96,6342.5,532.7
RAFAEL SANTOS,Suezmax,2022,5,0.208,2.0575,0.2217,7.9534,585.0,4789.0,388.22
RAUL MARTINS,Suezmax,2022,5,0.2365,1.8947,0.2107,5.6401,432.0,2654.7,209.24
RENATO GOMES,Aframax,2022,5,0.1935,1.3218,0.4377,8.9882,642.421,6365.3,515.48
RICARDO BARBOSA,Gaseiro 7k,2022,5,0.048,0.3709,0.4743,24.9502,139.68,3978.5,351.71
RODRIGO PINHEIRO,Aframax,2022,5,0.1532,1.4327,0.2312,11.3672,730.62,5494.8,467.63
ROMARIO SILVA,MR 2,2022,5,0.3355,1.9938,0.3066,9.2204,271.2,3178.0,256.72
THIAGO FERNANDES,MR 2,2022,5,0.0969,1.0844,0.4602,11.461,359.85,4324.0,324.26
TOTAL_FROTA,TODAS,2022,5,0.1766,1.3414,0.3765,12.4094,9595.404,86384.6,7249.44
VICTOR OLIVEIRA,Suezmax,2022,5,0.17,2.1059,0.4196,6.1691,651.63,3812.0,310.17
BRUNO LIMA,Gaseiro 7k,2022,6,0.0526,0.4497,0.5153,23.3515,140.64,3884.0,312.91
CARLA SILVA,Aframax,2022,6,0.1573,1.6538,0.3176,6.4161,1184.0,7515.0,714.0
DANIEL PEREIRA,Aframax,2022,6,0.1507,1.6745,0.3153,6.7725,1041.0,6728.0,591.16
EDUARDO COSTA,MR 2,2022,6,0.2709,1.0873,0.4477,6.9291,305.0,3460.0,277.09
FELIPE RIBEIRO,Suezmax,2022,6,0.2872,2.0398,0.1832,4.5268,337.1,1934.5,170.63
FÁBIO SANTOS,Gaseiro 7k,2022,6,0.0417,0.3697,0.4763,27.1159,117.4,3307.0,288.72
GABRIELA MARTINS,Aframax,2022,6,0.1369,1.6841,0.3198,8.039,1232.0,8773.0,706.0
GISELLE CARVALHO,Suezmax,2022,6,0.1645,1.9837,0.4427,6.8513,1071.0,6796.0,524.96
HENRIQUE ALVES,Suezmax,2022,6,0.4196,2.2315,0.2653,3.78,599.0,2785.0,299.0
LUCAS MENDONÇA,MR 2,2022,6,0.185,1.1172,0.2649,7.5707,245.05,2185.5,205.1
MARCOS CAVALCANTI,Suezmax,2022,6,0.1779,1.6383,0.3819,7.4214,871.82,6082.0,543.81
MARIA VALENTINA,Gaseiro 7k,2022,6,0.0577,0.4992,0.5023,22.337,141.68,3706.0,288.12
PAULO MOURA,Suezmax,2022,6,0.1175,1.3588,0.2987,9.6857,266.7,2041.0,174.9
RAFAEL SANTOS,Suezmax,2022,6,0.1285,1.2946,0.2498,10.7484,215.0,2291.0,216.7
RAUL MARTINS,Suezmax,2022,6,0.1519,1.8465,0.3635,7.2877,1212.0,7934.5,627.75
RENATO GOMES,Aframax,2022,6,0.2485,1.273,0.1477,6.5343,593.1675,4879.64,517.67
RICARDO BARBOSA,Gaseiro 7k,2022,6,0.0511,0.4399,0.6242,23.4715,184.029,4754.0,407.67
RODRIGO PINHEIRO,Aframax,2022,6,0.2221,1.6354,0.2908,8.7436,457.4,4024.4,313.52
ROMARIO SILVA,MR 2,2022,6,0.2339,1.5317,0.3555,11.1873,465.21,4799.0,375.0
THIAGO FERNANDES,MR 2,2022,6,0.1114,1.254,0.3983,14.5377,421.63,5121.0,374.48
TOTAL_FROTA,TODAS,2022,6,0.1629,1.3352,0.3684,12.1706,11620.6465,96826.54,8223.19
VICTOR OLIVEIRA,Suezmax,2022,6,0.1346,1.7455,0.2945,23.5222,519.82,3826.0,294.0
BRUNO LIMA,Gaseiro 7k,2022,7,0.0456,0.3976,0.5726,25.9629,145.18,4056.0,329.15
CARLA SILVA,Aframax,2022,7,0.3786,1.7214,0.2084,7.0371,115.0,1019.9,99.97
DANIEL PEREIRA,Aframax,2022,7,0.1405,1.6806,0.2815,7.1741,335.0,2394.0,200.0
EDUARDO COSTA,MR 2,2022,7,0.2202,1.1291,0.2825,6.6888,231.05,2466.0,205.09
FELIPE RIBEIRO,Suezmax,2022,7,0.2912,1.9364,0.226,4.6489,603.8,3447.0,319.05
FÁBIO SANTOS,Gaseiro 7k,2022,7,0.0408,0.4132,0.6362,26.5724,218.22,5564.0,471.65
GABRIELA MARTINS,Aframax,2022,7,0.1087,1.1902,0.2742,17.3777,337.72,2866.6,229.12
GISELLE CARVALHO,Suezmax,2022,7,0.1588,2.0535,0.277,6.9183,1378.5,8511.0,634.2
HENRIQUE ALVES,Suezmax,2022,7,0.2735,2.0702,0.2466,4.0478,1150.0,4964.0,551.1
LUCAS MENDONÇA,MR 2,2022,7,0.1501,0.9705,0.2922,9.9701,384.6,4547.44,391.94
MARCOS CAVALCANTI,Suezmax,2022,7,0.1601,1.4157,0.2924,8.6653,710.5,6278.5,578.36
MARIA VALENTINA,Gaseiro 7k,2022,7,0.0566,0.4648,0.6711,22.8931,194.665,5133.5,408.34
PAULO MOURA,Suezmax,2022,7,0.1506,1.6126,0.2517,7.5571,831.0,5454.0,499.0
RAFAEL SANTOS,Suezmax,2022,7,0.1492,2.0306,0.5546,7.1377,844.31,5692.0,413.0
RAUL MARTINS,Suezmax,2022,7,0.1645,1.7126,0.2273,9.0041,1245.25,8021.0,681.0
RENATO GOMES,Aframax,2022,7,0.1901,1.6669,0.4474,7.2507,655.315,4764.1,412.7
RICARDO BARBOSA,Gaseiro 7k,2022,7,0.0511,0.3928,0.6291,23.1771,102.272,2505.0,267.0
RODRIGO PINHEIRO,Aframax,2022,7,0.2166,1.6707,0.2906,6.5463,1158.02,8087.5,704.1
ROMARIO SILVA,MR 2,2022,7,0.1337,1.146,0.4371,9.4377,503.9,5289.5,460.09
THIAGO FERNANDES,MR 2,2022,7,0.1474,1.0523,0.3209,9.4273,383.75,4385.0,361.42
TOTAL_FROTA,TODAS,2022,7,0.1541,1.3267,0.382,11.5726,12649.382,101516.04,8722.28
VICTOR OLIVEIRA,Suezmax,2022,7,0.1839,2.1993,0.387,5.5184,1121.33,6070.0,506.0
BRUNO LIMA,Gaseiro 7k,2022,8,0.04,0.3936,0.4474,26.002,111.681,3168.0,254.49
CARLA SILVA,Aframax,2022,8,0.1796,1.7042,0.3965,6.922,1033.0,6717.0,669.5
DANIEL PEREIRA,Aframax,2022,8,0.1897,1.8693,0.4627,8.0711,747.0,5802.0,484.13
EDUARDO COSTA,MR 2,2022,8,0.2211,1.1626,0.4194,8.3064,267.245,3094.0,232.73
FELIPE RIBEIRO,Suezmax,2022,8,0.3676,2.0578,0.1881,4.4229,384.5,2165.0,182.23
FÁBIO SANTOS,Gaseiro 7k,2022,8,0.0367,0.4167,0.8103,29.3543,125.87,3668.0,295.34
GABRIELA MARTINS,Aframax,2022,8,0.1377,1.5407,0.2932,10.4177,983.5,6586.0,580.49
GISELLE CARVALHO,Suezmax,2022,8,0.2376,2.105,0.4124,7.8384,582.0,4437.0,332.39
HENRIQUE ALVES,Suezmax,2022,8,0.4107,2.2539,0.2723,4.0371,1239.0,5526.5,633.9
LUCAS MENDONÇA,MR 2,2022,8,0.1745,0.9261,0.3638,10.7107,362.882,4729.5,378.8
MARCOS CAVALCANTI,Suezmax,2022,8,0.132,1.4366,0.1964,7.98,1072.0,8168.0,742.6
MARIA VALENTINA,Gaseiro 7k,2022,8,0.0582,0.3948,0.4539,25.5799,122.531,3611.0,326.17
PAULO MOURA,Suezmax,2022,8,0.1469,1.6977,0.2373,6.8424,533.0,3633.0,314.0
RAFAEL SANTOS,Suezmax,2022,8,0.2574,2.2462,0.2754,5.8227,1382.36,8307.0,658.55
RAUL MARTINS,Suezmax,2022,8,0.1826,1.6054,0.1675,6.82,537.4,3734.7,313.83
RENATO GOMES,Aframax,2022,8,0.1773,1.5957,0.2601,6.84,916.6477,6920.4,555.35
RICARDO BARBOSA,Gaseiro 7k,2022,8,0.2254,0.5816,0.8124,20.1539,208.283,4332.0,424.16
RODRIGO PINHEIRO,Aframax,2022,8,0.3911,2.2719,0.1689,5.0942,353.6,2603.5,211.07
ROMARIO SILVA,MR 2,2022,8,0.1013,0.7883,0.1038,13.1615,81.18,1110.54,91.99
THIAGO FERNANDES,MR 2,2022,8,0.153,1.0331,0.2151,11.1033,248.35,2987.0,251.05
TOTAL_FROTA,TODAS,2022,8,0.1858,1.3774,0.3466,11.2894,12043.5997,97002.14,8474.27
VICTOR OLIVEIRA,Suezmax,2022,8,0.1313,1.4246,0.3562,8.343,751.57,5702.0,541.5
BRUNO LIMA,Gaseiro 7k,2022,9,0.0464,0.409,0.6758,25.2749,159.66,4556.48,354.49
CARLA SILVA,Aframax,2022,9,0.1798,1.5918,0.3012,6.5752,964.8,6514.0,593.3
DANIEL PEREIRA,Aframax,2022,9,0.5713,1.5826,0.2859,7.0006,830.0,5712.2,501.1
EDUARDO COSTA,MR 2,2022,9,0.1766,1.1449,0.2396,7.8506,274.19,3037.0,242.05
FELIPE RIBEIRO,Suezmax,2022,9,0.2325,2.3379,0.319,4.3467,1359.3,5962.0,581.9
FÁBIO SANTOS,Gaseiro 7k,2022,9,0.0427,0.4711,0.605,25.8451,151.58,3847.0,311.74
GABRIELA MARTINS,Aframax,2022,9,0.1301,1.1517,0.1819,8.3682,368.1,3380.0,278.72
GISELLE CARVALHO,Suezmax,2022,9,0.5101,5.1819,0.3213,4.1118,374.0,1799.0,178.25
HENRIQUE ALVES,Suezmax,2022,9,0.221,1.4499,0.3376,4.7135,397.0,1811.0,270.1
LUCAS MENDONÇA,MR 2,2022,9,0.1363,0.8871,0.1468,10.8438,183.99,2433.0,197.43
MARCOS CAVALCANTI,Suezmax,2022,9,0.171,1.5311,0.1871,6.306,610.0,4082.0,367.17
MARIA VALENTINA,Gaseiro 7k,2022,9,0.0566,0.4717,0.489,20.8214,106.365,2527.0,224.5
PAULO MOURA,Suezmax,2022,9,0.1557,1.8457,0.2588,6.6614,1209.0,7615.0,636.47
RAFAEL SANTOS,Suezmax,2022,9,0.3187,1.8215,0.1647,5.6065,462.5,3406.0,264.75
RAUL MARTINS,Suezmax,2022,9,0.1844,1.8069,0.2148,8.8934,979.9,5682.9,484.73
RENATO GOMES,Aframax,2022,9,0.1964,1.4545,0.3675,7.1475,679.1251,5520.1,458.71
RICARDO BARBOSA,Gaseiro 7k,2022,9,0.058,0.4881,0.5305,19.6412,154.009,3552.0,299.84
RODRIGO PINHEIRO,Aframax,2022,9,0.2828,1.5217,0.2873,7.6369,626.32,5674.0,453.99
ROMARIO SILVA,MR 2,2022,9,0.0956,0.9111,0.3036,13.1564,185.5,2211.2,176.77
THIAGO FERNANDES,MR 2,2022,9,0.1637,1.1186,0.1294,8.3455,141.87,1553.0,135.02
TOTAL_FROTA,TODAS,2022,9,0.1823,1.3803,0.3205,10.8432,11258.2091,87415.88,7476.03
VICTOR OLIVEIRA,Suezmax,2022,9,0.161,2.2417,0.3049,6.3009,1041.0,6541.0,465.0
BRUNO LIMA,Gaseiro 7k,2022,10,0.0383,0.383,0.6408,29.1942,124.41,3788.0,292.08
CARLA SILVA,Aframax,2022,10,0.1909,1.3905,0.1295,5.9382,221.7,1650.0,144.55
DANIEL PEREIRA,Aframax,2022,10,0.2218,1.6255,0.1891,6.9082,422.0,3081.5,265.0
EDUARDO COSTA,MR 2,2022,10,0.2553,1.1371,0.1508,6.8519,110.93,1120.0,99.42
FELIPE RIBEIRO,Suezmax,2022,10,0.2966,2.152,0.3191,4.0452,1212.5,5605.0,542.1
FÁBIO SANTOS,Gaseiro 7k,2022,10,0.0483,0.4713,0.8853,25.2239,185.765,4636.0,369.27
GABRIELA MARTINS,Aframax,2022,10,0.115,1.1112,0.3803,11.0731,381.9,3678.0,311.07
GISELLE CARVALHO,Suezmax,2022,10,0.1775,2.0711,0.4413,7.2009,804.0,5941.0,429.66
LUCAS MENDONÇA,MR 2,2022,10,0.1375,1.4838,0.4306,9.6649,432.2,4433.0,330.57
MARCOS CAVALCANTI,Suezmax,2022,10,0.1696,1.5472,0.1826,7.0031,345.8,2369.0,200.6
MARIA VALENTINA,Gaseiro 7k,2022,10,0.0505,0.4939,0.7661,21.35,232.165,5629.0,472.43
PAULO MOURA,Suezmax,2022,10,0.176,1.9786,0.2799,5.7391,750.5,4304.0,379.58
RAFAEL SANTOS,Suezmax,2022,10,0.174,1.6696,0.1933,7.1369,577.3,4130.1,332.83
RAUL MARTINS,Suezmax,2022,10,0.1976,2.0669,0.2338,6.1913,1307.7,7493.6,631.5
RENATO GOMES,Aframax,2022,10,0.2448,1.5592,0.2015,6.1861,354.8,2429.0,207.56
RICARDO BARBOSA,Gaseiro 7k,2022,10,0.0396,0.346,0.4749,31.2991,168.718,5441.0,483.84
RODRIGO PINHEIRO,Aframax,2022,10,0.1711,1.6167,0.2575,6.959,991.82,7266.0,612.12
ROMARIO SILVA,MR 2,2022,10,0.1413,0.8791,0.1917,11.5852,327.6,4233.1,354.99
THIAGO FERNANDES,MR 2,2022,10,0.3372,1.0748,0.3213,8.0068,364.6,3760.0,343.12
TOTAL_FROTA,TODAS,2022,10,0.1624,1.2792,0.3699,12.351,9947.908,85216.3,7143.24
VICTOR OLIVEIRA,Suezmax,2022,10,0.1593,1.9272,0.2665,7.339,631.5,4229.0,340.95
BRUNO LIMA,Gaseiro 7k,2022,11,0.0504,0.3926,0.4157,26.8689,90.09,2573.06,208.57
CARLA SILVA,Aframax,2022,11,0.2551,1.2565,0.1239,7.5455,286.5,2239.0,232.44
DANIEL PEREIRA,Aframax,2022,11,0.1394,1.6473,0.2528,7.3394,899.0,6405.0,509.4
EDUARDO COSTA,MR 2,2022,11,1.6686,5.2728,0.6619,7.2685,654.49,6770.0,508.85
FELIPE RIBEIRO,Suezmax,2022,11,0.2804,2.3972,0.3313,4.586,922.0,4195.5,402.92
FÁBIO SANTOS,Gaseiro 7k,2022,11,0.0436,0.3679,0.4634,32.4603,137.85,4476.0,346.64
GABRIELA MARTINS,Aframax,2022,11,0.1412,1.694,0.3082,7.6287,1182.7,8657.0,678.4
GISELLE CARVALHO,Suezmax,2022,11,0.1843,1.7017,0.3966,7.0381,1038.8,6560.05,567.76
HENRIQUE ALVES,Suezmax,2022,11,0.1389,1.6992,0.394,7.846,728.0,5851.5,424.1
LUCAS MENDONÇA,MR 2,2022,11,0.9463,2.7172,0.5804,10.4661,245.58,2540.0,187.23
MARCOS CAVALCANTI,Suezmax,2022,11,0.2256,1.6591,0.3869,6.9515,670.7,4843.5,387.1
MARIA VALENTINA,Gaseiro 7k,2022,11,0.0545,0.4987,0.6856,20.8201,129.71,3139.4,259.68
PAULO MOURA,Suezmax,2022,11,0.0984,1.1088,0.2148,10.168,33.87,340.0,28.0
RAFAEL SANTOS,Suezmax,2022,11,0.1734,1.5904,0.3862,6.191,471.05,3115.8,287.6
RAUL MARTINS,Suezmax,2022,11,0.1487,1.4416,0.1381,9.4236,130.1,969.1,83.5
RENATO GOMES,Aframax,2022,11,0.3648,1.6872,0.2024,5.5705,992.3774,6919.1,598.53
RICARDO BARBOSA,Gaseiro 7k,2022,11,0.0516,0.5055,0.8752,35.8906,204.6,5950.0,494.58
RODRIGO PINHEIRO,Aframax,2022,11,0.1393,1.0846,0.2327,10.1495,644.64,5686.5,474.01
ROMARIO SILVA,MR 2,2022,11,0.1766,1.1639,0.3339,9.3731,295.42,3496.46,983.85
TOTAL_FROTA,TODAS,2022,11,0.291,1.7294,0.3848,12.6116,10078.4774,87452.47,7936.41
VICTOR OLIVEIRA,Suezmax,2022,11,0.8204,7.497,0.2467,10.1765,321.0,2725.5,273.25
BRUNO LIMA,Gaseiro 7k,2022,12,0.0434,0.4072,0.5967,28.2354,133.39,4087.0,300.26
CARLA SILVA,Aframax,2022,12,0.1442,1.2714,0.0351,7.1955,38.1,309.0,29.6
DANIEL PEREIRA,Aframax,2022,12,0.1668,1.1352,0.0945,13.5854,220.0,2107.3,228.21
EDUARDO COSTA,MR 2,2022,12,0.239,1.1248,0.2343,6.1705,191.81,1778.0,170.35
FELIPE RIBEIRO,Suezmax,2022,12,0.2392,2.3061,0.293,4.3434,1351.6,6076.0,579.83
FÁBIO SANTOS,Gaseiro 7k,2022,12,0.0442,0.4149,0.4668,26.7343,137.05,3808.0,323.51
GABRIELA MARTINS,Aframax,2022,12,0.2488,2.2558,0.27,7.402,642.5,5018.0,383.64
GISELLE CARVALHO,Suezmax,2022,12,0.2727,1.5388,0.2424,5.796,783.23,5025.5,544.64
HENRIQUE ALVES,Suezmax,2022,12,0.2928,1.9321,0.2039,6.4473,924.0,6494.6,500.5
LUCAS MENDONÇA,MR 2,2022,12,0.2288,0.9058,0.1023,8.4954,96.18,1098.1,103.39
MARCOS CAVALCANTI,Suezmax,2022,12,0.4816,2.5371,0.1396,5.5931,411.5,2751.0,231.38
MARIA VALENTINA,Gaseiro 7k,2022,12,0.0701,0.503,0.4717,18.0266,120.74,2763.0,241.25
PAULO MOURA,Suezmax,2022,12,0.1453,1.8028,0.4575,7.3452,938.5,6831.0,521.33
RAFAEL SANTOS,Suezmax,2022,12,0.167,1.7174,0.2063,7.525,778.377,5513.0,445.0
RAUL MARTINS,Suezmax,2022,12,0.149,1.5428,0.3653,7.8117,150.1,1242.1,98.8
RENATO GOMES,Aframax,2022,12,0.2291,1.4969,0.3294,6.0189,470.2438,3780.2,304.35
RICARDO BARBOSA,Gaseiro 7k,2022,12,0.06,0.5071,0.5449,19.887,158.7,3271.0,320.23
RODRIGO PINHEIRO,Aframax,2022,12,0.2321,1.2472,0.3458,7.694,657.91,6205.5,503.9
ROMARIO SILVA,MR 2,2022,12,0.2061,1.1164,0.2885,9.8431,362.05,3498.42,315.76
TOTAL_FROTA,TODAS,2022,12,0.192,1.3391,0.3111,11.2335,8833.9808,73243.72,6278.57
VICTOR OLIVEIRA,Suezmax,2022,12,0.1991,1.9074,0.2294,7.2508,268.0,1587.0,132.64
BRUNO LIMA,Gaseiro 7k,2023,1,0.0399,0.4915,0.6805,26.126,240.43,6710.0,541.42
CARLA SILVA,Aframax,2023,1,0.222,1.4292,0.0497,6.9921,58.0,365.5,43.2
DANIEL PEREIRA,Aframax,2023,1,0.1564,1.8142,0.3168,6.6811,1146.0,7762.0,622.67
EDUARDO COSTA,MR 2,2023,1,0.1668,0.9846,0.2116,9.2983,262.31,3278.0,253.4
FELIPE RIBEIRO,Suezmax,2023,1,0.2775,1.9886,0.237,4.6499,957.0,5092.7,478.67
FÁBIO SANTOS,Gaseiro 7k,2023,1,0.0394,0.4265,0.6958,51.5635,204.686,5996.5,493.74
GABRIELA MARTINS,Aframax,2023,1,0.2201,1.7843,0.1742,8.0331,389.3,3292.0,298.72
GISELLE CARVALHO,Suezmax,2023,1,0.6882,1.5333,0.0907,5.3527,382.8,2492.5,270.22
HENRIQUE ALVES,Suezmax,2023,1,0.2066,2.069,0.1985,7.1962,707.0,4980.0,371.48
LUCAS MENDONÇA,MR 2,2023,1,0.1642,1.2658,0.4494,9.0068,433.5,4178.3,325.44
MARCOS CAVALCANTI,Suezmax,2023,1,0.446,3.2903,0.2209,6.4935,545.0,4037.0,331.46
MARIA VALENTINA,Gaseiro 7k,2023,1,0.0373,0.3146,0.3625,33.2781,100.78,3760.0,355.34
PAULO MOURA,Suezmax,2023,1,0.1445,1.801,0.2373,7.1815,1155.0,8074.0,635.05
RAFAEL SANTOS,Suezmax,2023,1,0.1478,1.7263,0.2782,7.907,714.0,5640.0,415.47
RAUL MARTINS,Suezmax,2023,1,0.3222,2.2864,0.1085,7.0737,181.0,1531.8,119.56
RENATO GOMES,Aframax,2023,1,0.1603,1.5096,0.2435,7.5217,996.6584,8229.8,674.99
RICARDO BARBOSA,Gaseiro 7k,2023,1,0.0517,0.4638,0.5843,25.4408,168.175,3870.0,341.6
RODRIGO PINHEIRO,Aframax,2023,1,0.1321,1.5766,0.2859,7.7252,1190.81,9058.0,756.0
ROMARIO SILVA,MR 2,2023,1,0.1567,0.9729,0.5571,11.1423,234.96,3032.0,226.4
THIAGO FERNANDES,MR 2,2023,1,0.1318,0.9875,0.1772,9.5547,98.21,1088.5,88.35
TOTAL_FROTA,TODAS,2023,1,0.1909,1.4305,0.3241,13.7395,11164.1194,98231.89,8149.97
VICTOR OLIVEIRA,Suezmax,2023,1,0.2137,2.0841,0.2095,6.1803,998.5,5763.29,506.79
BRUNO LIMA,Gaseiro 7k,2023,2,0.0439,0.3962,0.4838,25.3452,109.31,2921.0,254.62
CARLA SILVA,Aframax,2023,2,0.1375,0.9345,0.0381,8.5906,63.4,581.0,65.1
DANIEL PEREIRA,Aframax,2023,2,0.2387,1.577,0.2234,6.3252,206.0,1586.0,137.33
EDUARDO COSTA,MR 2,2023,2,0.2882,0.7763,0.1344,12.3695,94.48,1587.0,112.65
FELIPE RIBEIRO,Suezmax,2023,2,0.1707,1.617,0.452,5.9638,855.0,4950.0,533.7
FÁBIO SANTOS,Gaseiro 7k,2023,2,0.0459,0.498,0.7534,23.784,201.05,5182.0,421.98
GABRIELA MARTINS,Aframax,2023,2,0.1877,1.4444,0.2119,6.6245,520.1,3655.0,325.56
GISELLE CARVALHO,Suezmax,2023,2,0.2391,1.8182,0.2221,5.613,663.11,4504.6,352.75
HENRIQUE ALVES,Suezmax,2023,2,0.2009,1.5385,0.2709,6.828,579.5,4460.0,331.13
LUCAS MENDONÇA,MR 2,2023,2,0.1328,1.0675,0.3297,9.1241,302.8,2979.7,257.27
MARCOS CAVALCANTI,Suezmax,2023,2,0.2474,1.5524,0.2466,8.6233,748.0,5777.0,526.63
MARIA VALENTINA,Gaseiro 7k,2023,2,0.0391,0.3705,0.6239,29.661,181.955,5354.0,490.83
PAULO MOURA,Suezmax,2023,2,0.1512,1.795,0.2295,6.8929,922.0,6374.0,515.2
RAFAEL SANTOS,Suezmax,2023,2,0.1545,1.7026,0.2911,8.4319,504.6,3314.0,309.02
RAUL MARTINS,Suezmax,2023,2,0.2085,2.0977,0.2478,5.3585,883.0,4962.0,393.56
RENATO GOMES,Aframax,2023,2,0.1792,1.5627,0.1961,7.7865,313.7,2818.5,251.38
RICARDO BARBOSA,Gaseiro 7k,2023,2,0.0385,0.3661,0.6045,28.4501,85.781,2560.0,218.17
RODRIGO PINHEIRO,Aframax,2023,2,0.2928,2.5108,0.2111,7.7763,378.996,3464.5,282.67
ROMARIO SILVA,MR 2,2023,2,0.3224,1.559,0.1874,7.7909,129.0,1169.0,115.74
THIAGO FERNANDES,MR 2,2023,2,0.1469,1.2396,0.1764,9.4825,142.7,1658.0,127.45
TOTAL_FROTA,TODAS,2023,2,0.1695,1.3502,0.3343,12.5408,8539.982,73992.3,6381.24
VICTOR OLIVEIRA,Suezmax,2023,2,0.2243,2.3124,0.3647,18.0235,655.5,4135.0,358.5
BRUNO LIMA,Gaseiro 7k,2023,3,0.0428,0.3912,0.5682,26.5525,200.58,5660.75,476.22
CARLA SILVA,Aframax,2023,3,0.1867,1.2618,0.0628,6.733,77.4,534.0,54.18
DANIEL PEREIRA,Aframax,2023,3,0.164,1.8025,0.3131,6.2814,1260.0,7568.0,683.42
EDUARDO COSTA,MR 2,2023,3,0.1136,0.7678,0.203,24.7671,132.6,1672.75,135.25
FELIPE RIBEIRO,Suezmax,2023,3,0.2355,2.3105,0.2861,4.7937,1322.3,6567.0,593.17
FÁBIO SANTOS,Gaseiro 7k,2023,3,0.0394,0.4189,0.6193,26.8238,146.208,4026.0,347.08
GABRIELA MARTINS,Aframax,2023,3,0.1693,1.3082,0.2127,7.6969,801.7,6210.5,568.37
GISELLE CARVALHO,Suezmax,2023,3,0.1578,1.9714,0.3398,7.9039,1044.0,6802.0,517.5
HENRIQUE ALVES,Suezmax,2023,3,0.4807,1.6821,0.1178,5.6914,342.0,2455.5,285.87
LUCAS MENDONÇA,MR 2,2023,3,0.1661,1.0944,0.2281,8.17,256.55,2660.0,220.91
MARCOS CAVALCANTI,Suezmax,2023,3,0.2674,1.5896,0.1625,5.8128,868.0,5656.0,495.18
MARIA VALENTINA,Gaseiro 7k,2023,3,0.0552,0.4347,0.4402,23.5525,91.448,2551.0,213.84
PAULO MOURA,Suezmax,2023,3,0.2265,1.6282,0.1629,5.4222,382.33,2288.0,199.2
RAFAEL SANTOS,Suezmax,2023,3,0.1544,1.9661,0.3518,6.6425,893.6,5757.0,423.39
RAUL MARTINS,Suezmax,2023,3,0.2638,2.5736,0.2647,5.1924,826.6,4688.0,365.07
RENATO GOMES,Aframax,2023,3,0.1302,1.5104,0.2849,7.9978,1114.75,8655.0,741.9
RICARDO BARBOSA,Gaseiro 7k,2023,3,0.039,0.4027,0.6606,27.8418,168.59,4944.0,434.22
RODRIGO PINHEIRO,Aframax,2023,3,0.1618,1.6189,0.2674,7.3074,911.361,6999.5,564.57
ROMARIO SILVA,MR 2,2023,3,0.2646,0.9695,0.3857,9.229,65.0,738.0,57.59
THIAGO FERNANDES,MR 2,2023,3,0.1386,1.177,0.4049,10.6684,318.45,3716.0,292.18
TOTAL_FROTA,TODAS,2023,3,0.1712,1.3852,0.3298,11.8318,12242.407,95412.0,8144.41
VICTOR OLIVEIRA,Suezmax,2023,3,0.2277,2.2227,0.2513,5.3904,1018.94,5263.0,475.3
BRUNO LIMA,Gaseiro 7k,2023,4,0.0563,0.3954,0.5223,25.2641,147.88,4159.9,337.91
CARLA SILVA,Aframax,2023,4,0.1512,1.1618,0.0369,9.2239,47.4,444.0,44.23
DANIEL PEREIRA,Aframax,2023,4,0.1786,1.5744,0.3381,8.368,457.0,3803.0,293.97
EDUARDO COSTA,MR 2,2023,4,0.1156,1.008,0.253,10.9575,222.85,2351.0,197.1
FELIPE RIBEIRO,Suezmax,2023,4,0.2222,1.4693,0.3151,5.5067,988.4,5017.0,690.6
FÁBIO SANTOS,Gaseiro 7k,2023,4,0.5067,5.1803,1.4826,35.0953,296.51,3085.0,246.98
GABRIELA MARTINS,Aframax,2023,4,0.1421,1.2525,0.3421,9.9419,581.5,5382.0,426.77
GISELLE CARVALHO,Suezmax,2023,4,0.2351,2.7517,0.1166,8.548,342.5,2406.0,182.56
HENRIQUE ALVES,Suezmax,2023,4,0.2179,1.7059,0.1248,6.9082,298.0,2221.8,187.06
LUCAS MENDONÇA,MR 2,2023,4,0.1382,1.1314,0.2447,8.3989,270.14,2861.0,234.23
MARCOS CAVALCANTI,Suezmax,2023,4,0.2315,1.6226,0.401,7.3408,641.0,4927.0,397.47
MARIA VALENTINA,Gaseiro 7k,2023,4,0.0904,0.5294,0.4971,18.1027,96.85,2548.0,208.66
PAULO MOURA,Suezmax,2023,4,0.1521,1.7351,0.391,9.4098,1081.35,7984.0,609.4
RAFAEL SANTOS,Suezmax,2023,4,0.2344,2.5339,0.3532,5.5755,768.0,4778.0,358.48
RAUL MARTINS,Suezmax,2023,4,0.1874,1.9354,0.2282,5.5344,1123.0,6426.0,575.84
RENATO GOMES,Aframax,2023,4,0.1518,1.6247,0.3276,7.8486,400.45,3709.0,290.36
RICARDO BARBOSA,Gaseiro 7k,2023,4,0.036,0.4049,0.6293,27.9829,159.64,4428.0,363.92
RODRIGO PINHEIRO,Aframax,2023,4,0.1869,1.2524,0.1773,7.5922,468.49,3631.0,313.3
THIAGO FERNANDES,MR 2,2023,4,0.0938,1.0486,0.3284,11.8318,186.5,2288.0,174.34
TOTAL_FROTA,TODAS,2023,4,0.1743,1.5996,0.3789,12.1514,9256.96,76327.7,6495.18
VICTOR OLIVEIRA,Suezmax,2023,4,0.1817,1.8701,0.2233,5.692,679.5,3878.0,362.0
BRUNO LIMA,Gaseiro 7k,2023,5,0.0432,0.3841,0.5557,26.8862,166.6,4879.1,391.9
CARLA SILVA,Aframax,2023,5,0.128,1.2937,0.025,8.5682,34.15,349.4,28.27
DANIEL PEREIRA,Aframax,2023,5,0.1688,1.7669,0.275,6.7951,936.0,6690.0,564.14
EDUARDO COSTA,MR 2,2023,5,0.2675,1.3023,0.256,7.342,223.18,2171.0,183.87
FELIPE RIBEIRO,Suezmax,2023,5,0.2555,2.5051,0.3229,4.1457,799.0,3562.0,322.6
FÁBIO SANTOS,Gaseiro 7k,2023,5,0.0316,0.3445,0.4618,36.3633,114.17,3759.0,305.87
GABRIELA MARTINS,Aframax,2023,5,0.1603,1.4509,0.2441,7.4042,605.2,4418.0,376.92
GISELLE CARVALHO,Suezmax,2023,5,0.225,2.4362,0.1305,9.5568,376.7,2832.0,218.54
HENRIQUE ALVES,Suezmax,2023,5,0.1693,2.0401,0.2541,6.0976,1297.0,8128.0,630.43
LUCAS MENDONÇA,MR 2,2023,5,0.1152,1.0396,0.3764,10.1561,383.1,4418.0,359.87
MARCOS CAVALCANTI,Suezmax,2023,5,0.4342,1.1698,0.1594,7.3112,375.5,2879.0,345.66
MARIA VALENTINA,Gaseiro 7k,2023,5,0.0632,0.4722,0.6027,19.706,100.245,2531.0,221.62
PAULO MOURA,Suezmax,2023,5,0.1684,1.4727,0.201,6.3431,650.0,4084.0,355.98
RAFAEL SANTOS,Suezmax,2023,5,0.2262,2.3754,0.2261,5.9097,841.0,5610.0,454.67
RAUL MARTINS,Suezmax,2023,5,0.1795,1.7018,0.264,6.2933,838.4,5456.4,471.2
RENATO GOMES,Aframax,2023,5,0.1138,1.2702,0.2216,11.6136,922.0,8031.0,666.2
RICARDO BARBOSA,Gaseiro 7k,2023,5,0.038,0.3865,0.4183,26.955,102.23,2809.0,230.77
RODRIGO PINHEIRO,Aframax,2023,5,0.0987,1.0983,0.259,15.7257,797.2,7463.0,614.14
ROMARIO SILVA,MR 2,2023,5,0.1583,0.45,0.0487,9.5,2.5,32.0,6.0
THIAGO FERNANDES,MR 2,2023,5,0.1399,1.3069,0.1692,10.8489,171.09,2233.0,161.53
TOTAL_FROTA,TODAS,2023,5,0.1594,1.377,0.3011,12.6661,10352.265,85818.9,7202.11
VICTOR OLIVEIRA,Suezmax,2023,5,0.339,2.6077,0.5808,5.7638,617.0,3484.0,291.93
BRUNO LIMA,Gaseiro 7k,2023,6,0.0539,0.3821,0.4873,22.487,92.6,2567.19,220.26
CARLA SILVA,Aframax,2023,6,0.1646,1.5095,0.0305,6.8619,22.4,198.0,17.7
DANIEL PEREIRA,Aframax,2023,6,0.1928,1.6918,0.2034,6.8917,704.0,5026.0,430.23
EDUARDO COSTA,MR 2,2023,6,0.177,0.8858,0.2609,9.7324,287.07,3533.0,294.75
FELIPE RIBEIRO,Suezmax,2023,6,0.2307,2.2821,0.2999,4.7303,981.62,5160.0,448.7
FÁBIO SANTOS,Gaseiro 7k,2023,6,0.0422,0.4474,0.4931,26.9727,117.16,3165.0,269.15
GABRIELA MARTINS,Aframax,2023,6,0.1255,1.3922,0.2468,10.4715,828.46,6193.0,541.35
GISELLE CARVALHO,Suezmax,2023,6,0.1947,1.8857,0.2674,6.2455,1083.8,7414.0,575.58
HENRIQUE ALVES,Suezmax,2023,6,1.6024,1.9477,0.2488,4.9367,671.0,4417.3,356.6
LUCAS MENDONÇA,MR 2,2023,6,0.1297,1.1631,0.4332,9.2984,462.248,4309.0,359.83
MARCOS CAVALCANTI,Suezmax,2023,6,0.2928,1.5079,0.2081,6.0231,619.0,4202.0,405.0
MARIA VALENTINA,Gaseiro 7k,2023,6,0.0414,0.3454,0.213,25.9328,15.07,419.0,39.08
PAULO MOURA,Suezmax,2023,6,0.2913,2.3471,0.1774,10.3034,573.5,4307.1,352.2
RAFAEL SANTOS,Suezmax,2023,6,0.3176,2.2022,0.2321,6.1786,870.5,6340.0,488.9
RAUL MARTINS,Suezmax,2023,6,0.2508,2.0338,0.2672,4.9594,1181.75,6415.1,597.0
RENATO GOMES,Aframax,2023,6,0.1356,1.5006,0.3158,8.0615,383.59,3329.0,265.2
RICARDO BARBOSA,Gaseiro 7k,2023,6,0.0506,0.5009,0.7876,21.7352,189.51,4352.0,376.43
RODRIGO PINHEIRO,Aframax,2023,6,0.1424,1.4607,0.3231,7.1992,707.91,4886.0,417.6
ROMARIO SILVA,MR 2,2023,6,0.1067,0.9288,0.1735,11.1993,117.5,1538.0,122.09
THIAGO FERNANDES,MR 2,2023,6,0.1259,1.0701,0.4008,9.781,403.18,5043.0,371.49
TOTAL_FROTA,TODAS,2023,6,0.2558,1.4623,0.3185,10.2318,10311.868,82813.69,6949.14
BRUNO LIMA,Gaseiro 7k,2023,7,0.0478,0.3815,0.5039,27.6163,160.9,5145.0,400.91
CARLA SILVA,Aframax,2023,7,0.1756,1.3517,0.1693,6.7832,243.4,2061.0,182.1
DANIEL PEREIRA,Aframax,2023,7,0.1324,1.36,0.2335,10.9577,1017.75,7170.0,651.76
EDUARDO COSTA,MR 2,2023,7,0.1035,0.8656,0.2461,13.2932,136.1,1871.0,163.67
FELIPE RIBEIRO,Suezmax,2023,7,0.2969,2.0221,0.2281,3.9858,448.2,2230.0,220.3
FÁBIO SANTOS,Gaseiro 7k,2023,7,0.0389,0.3657,0.5908,29.0913,138.4,3606.0,317.03
GABRIELA MARTINS,Aframax,2023,7,0.3184,2.8149,0.4214,9.0855,746.86,5757.0,484.5
GISELLE CARVALHO,Suezmax,2023,7,0.2108,1.588,0.2374,6.223,817.3,5077.1,524.22
HENRIQUE ALVES,Suezmax,2023,7,0.245,1.8502,0.2602,6.2511,1230.0,8050.0,644.15
LUCAS MENDONÇA,MR 2,2023,7,0.1403,0.9823,0.4306,10.3553,412.2,4800.5,400.47
MARCOS CAVALCANTI,Suezmax,2023,7,0.2519,1.7514,0.1115,5.8715,303.3,2129.4,188.7
MARIA VALENTINA,Gaseiro 7k,2023,7,0.0417,0.3818,0.5424,27.3657,149.1,4410.0,377.75
PAULO MOURA,Suezmax,2023,7,0.2414,1.6612,0.1435,6.8626,687.63,4492.0,382.59
RAFAEL SANTOS,Suezmax,2023,7,0.2815,2.4662,0.1874,6.7423,474.27,3442.5,265.5
RAUL MARTINS,Suezmax,2023,7,0.2585,2.2185,0.2446,4.9139,1133.87,6099.0,537.3
RENATO GOMES,Aframax,2023,7,0.1273,1.4109,0.2658,9.5675,659.78,5846.0,478.4
RICARDO BARBOSA,Gaseiro 7k,2023,7,0.0513,0.4118,0.6299,22.1455,114.8,2929.0,273.74
RODRIGO PINHEIRO,Aframax,2023,7,0.1462,1.5055,0.2394,7.4407,801.55,6018.0,495.53
ROMARIO SILVA,MR 2,2023,7,0.113,0.8464,0.1503,11.5795,110.0,1434.5,124.26
THIAGO FERNANDES,MR 2,2023,7,0.1474,1.4376,0.297,9.5153,327.6,3705.0,294.83
TOTAL_FROTA,TODAS,2023,7,0.1625,1.3677,0.3273,12.345,10951.75,93364.5,7933.51
VICTOR OLIVEIRA,Suezmax,2023,7,0.1201,1.6328,0.4296,8.6131,838.74,7091.5,525.8
BRUNO LIMA,Gaseiro 7k,2023,8,0.0317,0.3718,0.7376,33.1693,91.18,3088.0,235.25
CARLA SILVA,Aframax,2023,8,0.1801,1.2622,0.1336,8.2822,233.2,2229.0,208.97
DANIEL PEREIRA,Aframax,2023,8,0.7733,3.2672,0.1529,11.7319,177.0,2403.0,235.38
EDUARDO COSTA,MR 2,2023,8,0.1135,0.8955,0.2963,11.1768,313.489,3509.0,298.7
FELIPE RIBEIRO,Suezmax,2023,8,0.2729,1.8125,0.1406,4.2379,372.12,1927.0,197.87
FÁBIO SANTOS,Gaseiro 7k,2023,8,0.0389,0.3397,0.4308,42.8734,111.19,3529.0,294.26
GABRIELA MARTINS,Aframax,2023,8,0.1267,1.3896,0.2407,10.2904,1050.54,7820.0,674.7
GISELLE CARVALHO,Suezmax,2023,8,0.2833,1.7768,0.2106,5.0817,642.5,3865.6,336.63
HENRIQUE ALVES,Suezmax,2023,8,0.2146,2.2358,0.1706,7.8183,797.0,5323.5,441.1
LUCAS MENDONÇA,MR 2,2023,8,0.1024,0.7842,0.1568,13.463,178.92,2766.0,252.8
MARCOS CAVALCANTI,Suezmax,2023,8,0.2017,1.4678,0.2274,7.802,1093.04,8152.0,725.83
MARIA VALENTINA,Gaseiro 7k,2023,8,0.055,0.4703,0.5862,23.2368,137.85,3869.0,304.06
PAULO MOURA,Suezmax,2023,8,0.2713,1.5079,0.2402,6.3334,673.95,4470.4,374.45
RAFAEL SANTOS,Suezmax,2023,8,0.1435,1.4022,0.2201,9.1117,585.0,5062.0,376.4
RAUL MARTINS,Suezmax,2023,8,0.1671,1.92,0.3494,6.318,858.0,5391.0,428.56
RENATO GOMES,Aframax,2023,8,0.1188,1.3321,0.2264,14.4279,288.93,2483.0,217.25
RICARDO BARBOSA,Gaseiro 7k,2023,8,0.0387,0.3683,0.6344,30.9109,153.867,4543.0,440.93
RODRIGO PINHEIRO,Aframax,2023,8,0.1186,1.2872,0.2764,9.4726,814.25,7203.0,565.3
ROMARIO SILVA,MR 2,2023,8,0.1104,0.9433,0.2922,13.8963,306.55,3776.5,307.74
THIAGO FERNANDES,MR 2,2023,8,0.0836,0.8127,0.346,16.8007,297.33,4893.0,421.91
TOTAL_FROTA,TODAS,2023,8,0.1697,1.3129,0.2915,13.4102,10340.906,94045.0,7958.99
VICTOR OLIVEIRA,Suezmax,2023,8,0.1588,1.8931,0.2512,6.663,1165.0,7742.0,620.9
BRUNO LIMA,Gaseiro 7k,2023,9,0.0352,0.3842,0.9884,30.9594,115.6,3459.5,275.66
CARLA SILVA,Aframax,2023,9,0.1856,1.6148,0.2204,5.9771,539.5,3024.0,306.97
DANIEL PEREIRA,Aframax,2023,9,0.1199,1.4044,0.4435,12.6731,425.5,4311.0,353.52
EDUARDO COSTA,MR 2,2023,9,0.1372,1.1224,0.4496,10.3426,322.11,3640.0,289.1
FELIPE RIBEIRO,Suezmax,2023,9,0.2698,1.5405,0.0605,13.6881,114.95,638.0,66.18
FÁBIO SANTOS,Gaseiro 7k,2023,9,0.0377,0.3236,0.3856,53.6948,81.37,2704.8,231.51
GABRIELA MARTINS,Aframax,2023,9,0.1378,1.4154,0.2537,10.3528,484.55,3632.0,304.18
GISELLE CARVALHO,Suezmax,2023,9,0.2001,2.007,0.268,5.8098,998.36,5814.0,471.57
HENRIQUE ALVES,Suezmax,2023,9,0.1447,1.4431,0.3002,12.9641,586.0,4555.0,380.74
LUCAS MENDONÇA,MR 2,2023,9,0.089,0.8106,0.1916,18.8729,243.93,3514.0,275.47
MARCOS CAVALCANTI,Suezmax,2023,9,0.2268,1.7914,0.0536,5.886,34.57,192.0,22.14
MARIA VALENTINA,Gaseiro 7k,2023,9,0.0388,0.4662,0.8251,26.8035,155.63,4494.0,353.09
PAULO MOURA,Suezmax,2023,9,0.1585,1.317,0.1658,7.8043,605.5,4215.0,384.34
RAFAEL SANTOS,Suezmax,2023,9,0.1139,1.1519,0.3216,12.1077,332.1,2830.0,259.2
RAUL MARTINS,Suezmax,2023,9,0.171,1.9336,0.3424,6.102,746.0,4587.0,375.33
RENATO GOMES,Aframax,2023,9,0.1966,1.5149,0.284,8.2337,636.0,4560.0,395.89
RICARDO BARBOSA,Gaseiro 7k,2023,9,0.0399,0.4291,0.8242,25.4749,156.75,4060.0,352.66
RODRIGO PINHEIRO,Aframax,2023,9,0.1178,1.3508,0.285,8.7846,808.29,7047.0,576.6
ROMARIO SILVA,MR 2,2023,9,0.0734,0.6763,0.1467,18.8255,179.47,2575.0,208.09
THIAGO FERNANDES,MR 2,2023,9,0.0906,1.1023,0.2562,11.3564,241.84,2929.0,217.73
TOTAL_FROTA,TODAS,2023,9,0.1356,1.244,0.3426,15.6469,8420.11,77083.3,6428.47
VICTOR OLIVEIRA,Suezmax,2023,9,0.4586,3.5513,0.2923,7.396,612.09,4302.0,328.5
BRUNO LIMA,Gaseiro 7k,2023,10,0.0527,0.3637,0.4317,23.6744,52.95,1556.0,131.09
CARLA SILVA,Aframax,2023,10,0.1812,1.6558,0.2841,5.7352,1200.3,6611.0,694.59
DANIEL PEREIRA,Aframax,2023,10,0.1739,1.7898,0.3039,7.5418,1116.0,8761.0,694.13
EDUARDO COSTA,MR 2,2023,10,0.1349,1.1501,0.2681,8.5336,273.43,2710.0,244.37
FELIPE RIBEIRO,Suezmax,2023,10,0.2515,1.2472,0.0473,4.6929,89.06,452.0,125.35
FÁBIO SANTOS,Gaseiro 7k,2023,10,0.0532,0.388,0.2243,37.9254,35.84,1255.0,102.5
GABRIELA MARTINS,Aframax,2023,10,0.1298,1.4652,0.3461,8.5515,933.23,7605.0,604.8
GISELLE CARVALHO,Suezmax,2023,10,0.191,2.3509,0.4462,6.1617,886.0,5423.0,425.92
HENRIQUE ALVES,Suezmax,2023,10,0.2136,2.3977,0.1769,8.6936,565.0,4703.0,398.29
LUCAS MENDONÇA,MR 2,2023,10,0.1757,0.9435,0.3919,8.1161,204.78,2140.0,249.4
MARCOS CAVALCANTI,Suezmax,2023,10,0.1324,1.4064,0.3896,8.6975,951.51,8031.5,688.6
MARIA VALENTINA,Gaseiro 7k,2023,10,0.0454,0.3616,0.515,30.5313,62.605,2105.0,159.92
PAULO MOURA,Suezmax,2023,10,0.1659,1.7376,0.3301,7.3232,971.9,7215.0,566.63
RAFAEL SANTOS,Suezmax,2023,10,0.5451,3.8392,0.2434,5.003,607.0,3472.2,276.1
RAUL MARTINS,Suezmax,2023,10,0.2184,1.7803,0.266,5.4486,853.0,5279.0,500.22
RENATO GOMES,Aframax,2023,10,0.1401,1.5366,0.267,7.3494,1065.4,7565.0,663.6
RICARDO BARBOSA,Gaseiro 7k,2023,10,0.0507,0.5133,0.7251,20.7654,159.05,3484.0,310.74
RODRIGO PINHEIRO,Aframax,2023,10,0.137,1.4637,0.2425,8.3453,872.11,6830.0,561.9
ROMARIO SILVA,MR 2,2023,10,0.2333,0.9353,0.0184,4.3333,2.5,11.0,2.67
THIAGO FERNANDES,MR 2,2023,10,0.0897,1.0184,0.3611,17.6584,329.9,4578.0,332.75
TOTAL_FROTA,TODAS,2023,10,0.1774,1.5948,0.3152,10.9067,11738.055,93372.7,8038.72
VICTOR OLIVEIRA,Suezmax,2023,10,0.4194,2.9426,0.1995,7.186,506.49,3586.0,305.15
BRUNO LIMA,Gaseiro 7k,2023,11,0.051,0.3534,0.4414,28.3972,146.917,4342.68,352.42
CARLA SILVA,Aframax,2023,11,0.1488,1.2486,0.1873,7.9041,382.5,3162.0,343.3
DANIEL PEREIRA,Aframax,2023,11,0.2751,2.1291,0.1849,8.379,297.0,2101.0,183.15
EDUARDO COSTA,MR 2,2023,11,0.1202,0.9614,0.2613,11.5893,202.38,1780.0,185.32
FELIPE RIBEIRO,Suezmax,2023,11,3.3062,1.7665,0.0998,3.6307,160.7,611.0,81.2
FÁBIO SANTOS,Gaseiro 7k,2023,11,0.082,0.5054,0.5458,17.0407,97.4,2392.0,200.59
GABRIELA MARTINS,Aframax,2023,11,0.113,1.1782,0.23,10.4516,592.7,5257.0,450.25
GISELLE CARVALHO,Suezmax,2023,11,0.1649,1.9876,0.2312,6.9396,1199.0,7025.0,572.0
HENRIQUE ALVES,Suezmax,2023,11,0.1944,1.6295,0.2005,6.3736,858.0,5873.0,511.94
LUCAS MENDONÇA,MR 2,2023,11,0.1286,0.8913,0.2733,9.0765,50.0,592.0,54.3
MARCOS CAVALCANTI,Suezmax,2023,11,0.2336,1.4038,0.2048,6.5441,567.24,4273.0,397.07
MARIA VALENTINA,Gaseiro 7k,2023,11,0.0348,0.366,0.522,30.9289,117.7,4001.0,318.58
PAULO MOURA,Suezmax,2023,11,0.1622,1.6376,0.1085,8.4637,263.94,2036.0,170.97
RAFAEL SANTOS,Suezmax,2023,11,0.3037,1.7385,0.1241,7.1272,391.0,3246.0,267.67
RAUL MARTINS,Suezmax,2023,11,0.212,1.8616,0.2307,5.5459,814.15,4888.8,415.93
RENATO GOMES,Aframax,2023,11,0.1713,1.3576,0.1239,6.9934,325.8,2385.92,218.29
RICARDO BARBOSA,Gaseiro 7k,2023,11,0.0569,0.4159,0.4765,21.5015,137.393,3453.0,322.42
RODRIGO PINHEIRO,Aframax,2023,11,0.2614,1.5592,0.1374,11.8381,346.86,2839.0,239.57
ROMARIO SILVA,MR 2,2023,11,0.0963,0.8386,0.3076,18.515,264.89,4103.3,308.52
THIAGO FERNANDES,MR 2,2023,11,0.0898,1.0639,0.3326,11.388,265.7,3203.0,247.67
TOTAL_FROTA,TODAS,2023,11,0.2322,1.2824,0.2646,12.4589,8328.77,73900.7,6370.79
VICTOR OLIVEIRA,Suezmax,2023,11,0.224,2.2161,0.1653,8.3908,847.5,6336.0,529.63
BRUNO LIMA,Gaseiro 7k,2023,12,0.0444,0.4098,0.5567,28.9369,82.45,2605.0,206.26
CARLA SILVA,Aframax,2023,12,0.1764,1.2576,0.0247,5.6825,3.9,22.0,3.1
DANIEL PEREIRA,Aframax,2023,12,0.1245,1.438,0.2321,8.5235,656.5,5518.0,433.41
EDUARDO COSTA,MR 2,2023,12,0.1192,1.1226,0.5057,13.1161,281.3,3025.5,241.9
FELIPE RIBEIRO,Suezmax,2023,12,0.3819,1.6738,0.0751,3.4089,206.1,847.0,114.4
FÁBIO SANTOS,Gaseiro 7k,2023,12,0.0418,0.3716,0.4089,44.2467,102.54,3041.0,254.13
GABRIELA MARTINS,Aframax,2023,12,0.121,1.2789,0.3519,8.9416,779.95,6320.0,562.15
GISELLE CARVALHO,Suezmax,2023,12,0.2866,3.0612,0.2807,7.2733,837.0,4877.0,392.83
HENRIQUE ALVES,Suezmax,2023,12,0.1613,1.65,0.0776,11.6454,115.0,960.0,76.15
MARCOS CAVALCANTI,Suezmax,2023,12,0.3943,1.497,0.1277,5.5131,484.9,3159.0,301.88
MARIA VALENTINA,Gaseiro 7k,2023,12,0.0441,0.3636,0.4942,27.9859,119.309,3978.0,322.83
PAULO MOURA,Suezmax,2023,12,0.1361,1.5247,0.202,9.5524,967.24,6621.0,555.73
RAFAEL SANTOS,Suezmax,2023,12,0.1806,1.4739,0.1975,7.6232,605.0,4868.5,369.9
RAUL MARTINS,Suezmax,2023,12,0.3529,1.5457,0.1106,4.2358,226.23,1323.8,164.43
RICARDO BARBOSA,Gaseiro 7k,2023,12,0.0431,0.3312,0.4543,29.283,121.307,4182.0,375.56
RODRIGO PINHEIRO,Aframax,2023,12,0.1234,1.3259,0.2418,9.3685,778.05,7248.0,575.13
ROMARIO SILVA,MR 2,2023,12,0.116,0.7919,0.1919,13.4887,232.81,2913.9,292.7
THIAGO FERNANDES,MR 2,2023,12,0.1012,1.0636,0.3761,10.4942,266.0,3199.0,256.37
TOTAL_FROTA,TODAS,2023,12,0.1562,1.2263,0.2874,14.5043,7579.586,70952.7,6002.41
VICTOR OLIVEIRA,Suezmax,2023,12,0.1962,1.7685,0.3235,7.8224,714.0,6244.0,503.55
DANIEL PEREIRA,Aframax,2024,1,0.1871,1.5432,0.2177,6.2783,487.5,3308.0,299.94
EDUARDO COSTA,MR 2,2024,1,0.2256,0.9886,0.4221,8.4122,403.5,4486.7,381.67
FELIPE RIBEIRO,Suezmax,2024,1,0.337,1.4915,0.0653,4.2442,64.42,355.0,43.05
FÁBIO SANTOS,Gaseiro 7k,2024,1,0.0413,0.3516,0.4913,27.7228,130.86,4166.4,335.38
GABRIELA MARTINS,Aframax,2024,1,0.1321,1.3276,0.2183,8.273,742.5,5803.0,512.53
GISELLE CARVALHO,Suezmax,2024,1,0.1867,2.4609,0.6768,5.787,1595.0,8878.0,663.25
HENRIQUE ALVES,Suezmax,2024,1,0.1796,1.8939,0.2884,7.0827,894.0,6615.0,519.9
MARCOS CAVALCANTI,Suezmax,2024,1,0.17,1.6668,0.33,7.1468,925.6,6748.0,539.4
MARIA VALENTINA,Gaseiro 7k,2024,1,0.0554,0.4556,0.6613,24.8814,154.645,4692.0,361.49
PAULO MOURA,Suezmax,2024,1,0.1931,1.7901,0.1812,12.1323,915.5,6814.0,504.83
RAFAEL SANTOS,Suezmax,2024,1,0.2721,1.3239,0.1342,9.9872,223.0,2010.0,161.26
RAUL MARTINS,Suezmax,2024,1,0.3073,1.9522,0.3371,4.7199,666.05,3788.2,320.52
RENATO GOMES,Aframax,2024,1,0.0718,0.928,0.3437,32.226,309.0,4396.0,340.5
RICARDO BARBOSA,Gaseiro 7k,2024,1,0.0353,0.3856,0.4941,33.7816,117.07,4338.0,359.58
RODRIGO PINHEIRO,Aframax,2024,1,0.1828,1.5855,0.2384,7.8765,752.5,5499.0,463.25
ROMARIO SILVA,MR 2,2024,1,0.2131,2.1169,0.3145,12.5515,414.86,5088.5,381.2
THIAGO FERNANDES,MR 2,2024,1,0.1579,1.1354,0.2272,9.1912,188.13,2259.0,164.87
TOTAL_FROTA,TODAS,2024,1,0.1666,1.4269,0.3499,12.8488,9840.135,85694.8,6832.32
VICTOR OLIVEIRA,Suezmax,2024,1,0.1738,1.8534,0.3206,7.236,856.0,6450.0,479.7
BRUNO LIMA,Gaseiro 7k,2024,2,0.0516,0.329,0.6801,24.5373,78.5,1635.1,219.75
CARLA SILVA,Aframax,2024,2,0.1462,1.1811,0.2821,7.3664,81.0,674.0,63.8
DANIEL PEREIRA,Aframax,2024,2,0.1718,1.6289,0.2761,7.1573,430.0,3386.0,267.83
EDUARDO COSTA,MR 2,2024,2,0.2402,0.8608,0.1872,9.281,253.84,2634.2,259.03
FELIPE RIBEIRO,Suezmax,2024,2,0.8373,1.4404,0.2175,3.3743,203.99,393.0,140.03
FÁBIO SANTOS,Gaseiro 7k,2024,2,0.0415,0.3746,0.5269,28.3032,122.929,3713.0,297.73
GABRIELA MARTINS,Aframax,2024,2,0.1417,1.5229,0.2791,7.313,746.7,5520.0,477.1
GISELLE CARVALHO,Suezmax,2024,2,0.1907,1.9109,0.2277,6.7269,834.0,5014.3,394.41
HENRIQUE ALVES,Suezmax,2024,2,0.2192,1.8693,0.3167,8.7955,501.0,3813.0,285.8
LUCAS MENDONÇA,MR 2,2024,2,0.373,1.1745,0.1009,6.4102,37.95,359.7,33.9
MARCOS CAVALCANTI,Suezmax,2024,2,0.2295,1.5497,0.1492,8.238,409.6,3389.5,288.6
MARIA VALENTINA,Gaseiro 7k,2024,2,0.0496,0.4715,0.6573,23.8767,141.36,3984.0,318.83
PAULO MOURA,Suezmax,2024,2,0.4421,1.6612,0.162,11.0029,512.9,3624.6,350.7
RAFAEL SANTOS,Suezmax,2024,2,0.1613,1.8984,0.2637,6.2519,1321.3,8199.0,696.0
RAUL MARTINS,Suezmax,2024,2,0.2361,1.7832,0.1719,6.1067,1007.0,5559.0,618.93
RENATO GOMES,Aframax,2024,2,0.1621,1.7586,0.2781,9.4215,838.0,7911.0,633.0
RICARDO BARBOSA,Gaseiro 7k,2024,2,0.0362,0.376,0.5314,28.8504,100.526,3112.0,259.18
RODRIGO PINHEIRO,Aframax,2024,2,0.0991,1.0709,0.1455,14.6367,339.55,3138.0,271.09
ROMARIO SILVA,MR 2,2024,2,0.088,0.7302,0.0973,16.2886,111.67,1779.5,131.17
THIAGO FERNANDES,MR 2,2024,2,0.2626,0.8837,0.2144,8.6599,199.43,1990.0,267.58
TOTAL_FROTA,TODAS,2024,2,0.1921,1.2502,0.2791,12.1724,8995.745,75940.9,6785.66
VICTOR OLIVEIRA,Suezmax,2024,2,0.1243,1.4145,0.2364,9.1944,724.5,6112.0,511.2
BRUNO LIMA,Gaseiro 7k,2024,3,0.0599,0.3284,0.5048,25.4533,98.0,2580.9,252.06
CARLA SILVA,Aframax,2024,3,0.1273,1.4119,0.3291,9.4745,783.9,7736.0,590.02
DANIEL PEREIRA,Aframax,2024,3,0.1282,1.2476,0.18,10.0702,709.7,6080.0,520.16
EDUARDO COSTA,MR 2,2024,3,0.1002,0.7803,0.2248,12.4162,236.581,3153.5,274.0
FELIPE RIBEIRO,Suezmax,2024,3,0.2244,1.8597,0.2287,4.5121,1290.8,5795.5,683.57
FÁBIO SANTOS,Gaseiro 7k,2024,3,0.0506,0.5004,0.7568,22.0649,217.9,5229.0,443.02
GABRIELA MARTINS,Aframax,2024,3,0.1257,1.2967,0.4275,8.5258,294.0,2683.0,219.67
GISELLE CARVALHO,Suezmax,2024,3,0.1924,2.1569,0.3275,6.247,666.0,4529.0,363.12
HENRIQUE ALVES,Suezmax,2024,3,0.4381,4.5071,0.2186,6.1942,903.0,5861.0,476.98
LUCAS MENDONÇA,MR 2,2024,3,0.22,1.053,0.1373,9.3864,78.75,834.6,77.8
MARCOS CAVALCANTI,Suezmax,2024,3,0.1786,1.1107,0.1834,6.4217,773.0,5170.0,706.8
MARIA VALENTINA,Gaseiro 7k,2024,3,0.0513,0.4737,0.5809,22.536,124.1,3344.0,273.75
PAULO MOURA,Suezmax,2024,3,0.4385,1.9682,0.185,6.5291,627.1,4459.0,368.71
RAFAEL SANTOS,Suezmax,2024,3,0.0975,1.0464,0.1261,13.7851,329.2,3262.0,262.15
RAUL MARTINS,Suezmax,2024,3,0.16,1.606,0.3438,8.7233,842.0,5477.1,540.1
RENATO GOMES,Aframax,2024,3,0.1159,1.3567,0.2302,12.5655,558.0,4924.0,412.9
RICARDO BARBOSA,Gaseiro 7k,2024,3,0.0448,0.359,0.7549,26.0703,170.24,5060.0,441.29
RODRIGO PINHEIRO,Aframax,2024,3,0.1468,1.4813,0.1781,8.4435,345.05,2941.0,243.6
ROMARIO SILVA,MR 2,2024,3,0.1031,0.8964,0.2443,11.3697,227.5,3109.0,237.0
THIAGO FERNANDES,MR 2,2024,3,0.0646,0.6017,0.1847,20.6611,214.5,3029.0,396.1
TOTAL_FROTA,TODAS,2024,3,0.153,1.3085,0.3188,12.4756,10051.321,89170.6,8091.8
VICTOR OLIVEIRA,Suezmax,2024,3,0.1339,1.7059,0.1985,8.0475,562.0,3913.0,309.0
BRUNO LIMA,Gaseiro 7k,2024,4,0.0615,0.3552,0.4978,29.0165,86.05,2249.0,214.17
CARLA SILVA,Aframax,2024,4,0.1503,1.5951,0.2995,7.6437,1042.0,7369.0,635.4
DANIEL PEREIRA,Aframax,2024,4,0.0966,1.1351,0.2633,11.5984,720.3,6799.0,545.58
EDUARDO COSTA,MR 2,2024,4,0.1734,1.0693,0.325,8.1913,278.1,3132.8,255.55
FELIPE RIBEIRO,Suezmax,2024,4,0.2605,1.7121,0.1617,4.0301,993.48,4099.0,543.6
FÁBIO SANTOS,Gaseiro 7k,2024,4,0.0387,0.4156,0.527,28.4549,125.53,3660.0,292.75
GABRIELA MARTINS,Aframax,2024,4,0.1257,1.4217,0.3677,9.2827,480.0,4734.0,349.89
GISELLE CARVALHO,Suezmax,2024,4,0.2746,1.4478,0.2238,7.764,561.0,3938.5,364.26
HENRIQUE ALVES,Suezmax,2024,4,0.2369,2.3094,0.2429,7.3344,825.0,6319.0,497.62
LUCAS MENDONÇA,MR 2,2024,4,0.1202,1.0063,0.3348,12.0498,334.99,4259.5,331.6
MARCOS CAVALCANTI,Suezmax,2024,4,0.1347,1.4354,0.2343,8.0222,759.0,5994.0,495.9
MARIA VALENTINA,Gaseiro 7k,2024,4,0.046,0.3934,0.4726,27.3539,126.05,4214.0,365.24
PAULO MOURA,Suezmax,2024,4,0.2498,1.8335,0.2336,5.3074,944.0,5650.0,522.36
RAFAEL SANTOS,Suezmax,2024,4,0.0817,0.8938,0.2407,12.8879,138.0,1631.0,144.5
RAUL MARTINS,Suezmax,2024,4,0.1748,2.0202,0.2508,5.8231,1189.0,7028.0,590.8
RENATO GOMES,Aframax,2024,4,0.1566,1.592,0.2518,7.8842,806.0,6471.0,553.8
RICARDO BARBOSA,Gaseiro 7k,2024,4,0.0587,0.4123,0.5163,22.6325,123.603,3621.0,311.82
RODRIGO PINHEIRO,Aframax,2024,4,0.1756,1.5499,0.2573,10.9897,751.39,5686.0,500.63
ROMARIO SILVA,MR 2,2024,4,0.2536,0.9373,0.1762,8.2842,101.505,1197.0,104.9
THIAGO FERNANDES,MR 2,2024,4,0.0918,0.8646,0.2292,22.6884,171.45,2442.0,287.95
TOTAL_FROTA,TODAS,2024,4,0.1488,1.2556,0.3097,12.7293,11035.448,94724.8,8218.42
VICTOR OLIVEIRA,Suezmax,2024,4,0.107,1.4433,0.3497,9.5733,479.0,4231.0,310.1
BRUNO LIMA,Gaseiro 7k,2024,5,0.076,0.5359,0.5295,18.1503,109.7,2276.75,238.74
CARLA SILVA,Aframax,2024,5,0.1675,1.2146,0.0803,7.9036,173.9,1499.0,136.6
DANIEL PEREIRA,Aframax,2024,5,0.1616,1.2668,0.1676,9.4934,670.8,6288.0,524.99
EDUARDO COSTA,MR 2,2024,5,0.2645,1.0556,0.2996,8.8779,359.69,3896.9,322.19
FELIPE RIBEIRO,Suezmax,2024,5,0.1566,1.3587,0.2983,6.7429,349.23,2609.0,273.32
FÁBIO SANTOS,Gaseiro 7k,2024,5,0.0377,0.3777,0.5583,44.3252,140.87,4842.0,400.92
GABRIELA MARTINS,Aframax,2024,5,0.206,1.6483,0.234,7.6464,904.5,7122.0,642.4
GISELLE CARVALHO,Suezmax,2024,5,0.2513,1.6098,0.1754,6.5222,652.34,3953.5,352.92
HENRIQUE ALVES,Suezmax,2024,5,0.1354,1.676,0.3511,8.1518,1104.0,8420.0,662.25
LUCAS MENDONÇA,MR 2,2024,5,0.1074,0.9158,0.1437,12.096,152.49,2185.0,159.78
MARCOS CAVALCANTI,Suezmax,2024,5,0.1877,1.7371,0.1976,6.0708,904.5,5883.0,521.6
MARIA VALENTINA,Gaseiro 7k,2024,5,0.0835,0.463,0.4998,21.4924,136.505,4185.0,330.18
PAULO MOURA,Suezmax,2024,5,0.1654,1.3555,0.3343,16.7887,569.5,4640.0,395.63
RAFAEL SANTOS,Suezmax,2024,5,0.1528,1.907,0.2944,6.87,1302.0,8266.0,653.3
RAUL MARTINS,Suezmax,2024,5,0.2273,1.9122,0.2141,5.5249,818.0,5235.4,429.46
RENATO GOMES,Aframax,2024,5,0.1007,1.1932,0.29,13.8627,570.2,6196.0,492.18
RICARDO BARBOSA,Gaseiro 7k,2024,5,0.0451,0.4407,0.5877,28.1903,154.7,4631.0,398.5
RODRIGO PINHEIRO,Aframax,2024,5,0.2095,1.2932,0.1419,7.9282,473.0015,3703.7,323.92
ROMARIO SILVA,MR 2,2024,5,0.0915,0.796,0.3637,12.9659,232.82,3019.6,236.86
THIAGO FERNANDES,MR 2,2024,5,0.1508,1.1017,0.3898,9.4808,307.48,3555.6,279.07
TOTAL_FROTA,TODAS,2024,5,0.1511,1.2298,0.3054,12.8849,11372.2265,101400.45,8512.11
VICTOR OLIVEIRA,Suezmax,2024,5,0.1499,1.7882,0.2219,6.9197,1286.0,8993.0,737.3
BRUNO LIMA,Gaseiro 7k,2024,6,0.0821,0.6569,0.8316,17.3893,158.08,2897.5,306.93
CARLA SILVA,Aframax,2024,6,0.1289,1.0405,0.0614,9.4406,156.6,1296.0,165.6
DANIEL PEREIRA,Aframax,2024,6,0.3337,2.1,0.2403,5.651,627.0,4182.0,393.87
EDUARDO COSTA,MR 2,2024,6,0.2966,1.1515,0.405,8.0114,385.72,3867.2,334.99
FELIPE RIBEIRO,Suezmax,2024,6,0.1493,1.8085,0.4332,22.9693,267.0,2274.0,163.97
FÁBIO SANTOS,Gaseiro 7k,2024,6,0.0379,0.4086,0.5314,41.6697,130.56,3802.0,323.43
GABRIELA MARTINS,Aframax,2024,6,0.1858,1.6075,0.209,7.574,348.5,2924.0,230.47
GISELLE CARVALHO,Suezmax,2024,6,0.1655,2.0927,0.3229,6.2841,1369.0,7989.0,620.75
HENRIQUE ALVES,Suezmax,2024,6,0.2968,1.245,0.0701,14.0369,324.0,2878.0,493.7
LUCAS MENDONÇA,MR 2,2024,6,0.1266,0.8873,0.3064,11.4887,344.0,4422.5,357.3
MARCOS CAVALCANTI,Suezmax,2024,6,0.1478,1.7379,0.319,6.9373,1072.5,7581.0,592.58
MARIA VALENTINA,Gaseiro 7k,2024,6,0.0561,0.4123,0.3819,22.5409,83.065,2531.0,207.15
PAULO MOURA,Suezmax,2024,6,0.1662,1.9476,0.2567,6.076,1349.0,8197.0,693.5
RAFAEL SANTOS,Suezmax,2024,6,0.1528,1.5439,0.2687,7.5781,756.5,4872.0,417.13
RAUL MARTINS,Suezmax,2024,6,0.1943,1.9994,0.3369,5.6186,877.36,5090.4,447.08
RENATO GOMES,Aframax,2024,6,0.1139,1.4062,0.2846,9.0186,730.0,6612.0,522.5
RICARDO BARBOSA,Gaseiro 7k,2024,6,0.0276,0.3085,0.6264,56.8182,147.2,4898.0,425.42
RODRIGO PINHEIRO,Aframax,2024,6,0.2738,1.7152,0.2251,6.0745,887.9,5968.5,551.6
ROMARIO SILVA,MR 2,2024,6,0.1458,0.825,0.3659,14.2792,296.14,4016.2,306.18
THIAGO FERNANDES,MR 2,2024,6,0.1449,1.1121,0.2164,8.6416,199.61,2212.0,182.84
TOTAL_FROTA,TODAS,2024,6,0.1617,1.3118,0.3305,14.0771,11305.135,94378.3,8218.06
VICTOR OLIVEIRA,Suezmax,2024,6,0.15,1.613,0.2421,8.7121,795.4,5868.0,481.07
BRUNO LIMA,Gaseiro 7k,2024,7,0.0447,0.4038,0.5822,31.9078,98.55,2489.0,238.75
CARLA SILVA,Aframax,2024,7,0.2051,0.9815,0.0746,6.7409,95.6,745.0,73.2
DANIEL PEREIRA,Aframax,2024,7,0.1372,1.6325,0.288,7.3591,1171.0,8614.0,717.75
EDUARDO COSTA,MR 2,2024,7,0.2335,0.782,0.1993,10.345,144.74,1865.6,155.33
FELIPE RIBEIRO,Suezmax,2024,7,0.4963,1.8567,0.4008,6.4269,896.26,5768.0,455.47
FÁBIO SANTOS,Gaseiro 7k,2024,7,0.0595,0.4561,0.6556,34.288,152.691,3761.3,322.2
GABRIELA MARTINS,Aframax,2024,7,0.1524,1.4401,0.2132,8.2157,842.0,7370.0,581.45
GISELLE CARVALHO,Suezmax,2024,7,0.1913,2.148,0.2942,5.3265,222.0,1114.0,96.17
HENRIQUE ALVES,Suezmax,2024,7,0.1699,1.8292,0.2977,8.2229,825.0,5733.0,454.96
LUCAS MENDONÇA,MR 2,2024,7,0.1528,0.9967,0.2481,9.4818,182.0,2174.0,175.7
MARCOS CAVALCANTI,Suezmax,2024,7,0.1867,1.8742,0.2127,5.816,1161.74,7252.0,607.6
MARIA VALENTINA,Gaseiro 7k,2024,7,0.047,0.4278,0.5843,25.4174,130.52,3837.0,315.15
PAULO MOURA,Suezmax,2024,7,0.3744,3.9333,0.3218,7.7147,685.3,4576.0,423.33
RAFAEL SANTOS,Suezmax,2024,7,0.153,1.779,0.2147,7.4297,1298.1,8341.0,667.02
RAUL MARTINS,Suezmax,2024,7,0.1881,2.0581,0.2585,5.3872,1355.5,7309.0,639.9
RENATO GOMES,Aframax,2024,7,0.1392,1.5049,0.2635,9.7131,496.0,4848.5,389.8
RICARDO BARBOSA,Gaseiro 7k,2024,7,0.0375,0.335,0.6112,30.4589,189.072,6406.5,552.61
RODRIGO PINHEIRO,Aframax,2024,7,0.3488,2.3739,0.2871,9.9846,265.02,2862.5,238.65
ROMARIO SILVA,MR 2,2024,7,0.1124,0.852,0.2667,11.2964,174.9,2390.04,196.9
THIAGO FERNANDES,MR 2,2024,7,0.1138,0.9647,0.3661,10.4787,328.4,3953.0,378.31
TOTAL_FROTA,TODAS,2024,7,0.1672,1.4271,0.3395,12.852,11812.393,98460.44,8249.0
VICTOR OLIVEIRA,Suezmax,2024,7,0.1523,1.8762,0.2273,6.8878,1098.0,7051.0,568.75
BRUNO LIMA,Gaseiro 7k,2024,8,0.0498,0.3908,0.5259,23.079,151.996,3557.7,357.82
CARLA SILVA,Aframax,2024,8,0.2099,1.4007,0.0446,6.0764,75.0,546.0,55.23
DANIEL PEREIRA,Aframax,2024,8,0.1165,1.2899,0.4282,9.5161,677.0,6739.0,567.29
EDUARDO COSTA,MR 2,2024,8,0.1547,0.7873,0.252,11.02,312.2,4119.0,359.16
FELIPE RIBEIRO,Suezmax,2024,8,0.2613,1.5949,0.2237,5.8441,1115.0,6583.0,698.5
FÁBIO SANTOS,Gaseiro 7k,2024,8,0.0472,0.439,0.6092,24.4562,153.677,3719.0,325.48
GABRIELA MARTINS,Aframax,2024,8,0.1519,1.0412,0.1025,21.0741,75.0,1050.0,83.05
GISELLE CARVALHO,Suezmax,2024,8,0.1498,1.6333,0.325,6.8189,272.38,1904.0,158.17
HENRIQUE ALVES,Suezmax,2024,8,0.1576,1.8594,0.2334,6.5207,1348.0,8540.0,709.97
LUCAS MENDONÇA,MR 2,2024,8,0.1534,0.8974,0.1651,9.8063,201.71,2696.6,223.4
MARCOS CAVALCANTI,Suezmax,2024,8,0.2449,1.8311,0.3283,5.5851,765.94,4973.0,427.68
MARIA VALENTINA,Gaseiro 7k,2024,8,0.0751,0.4236,0.6457,20.8036,169.9,4359.5,383.33
PAULO MOURA,Suezmax,2024,8,0.3817,3.8147,0.3847,4.8355,1125.83,5600.0,498.17
RAFAEL SANTOS,Suezmax,2024,8,0.144,1.6077,0.4093,7.3594,930.0,6906.0,583.33
RAUL MARTINS,Suezmax,2024,8,0.2731,1.1992,0.1843,5.5996,557.25,3355.0,487.1
RENATO GOMES,Aframax,2024,8,0.1145,1.3341,0.418,9.1771,646.0,5761.0,471.87
RICARDO BARBOSA,Gaseiro 7k,2024,8,0.0522,0.4299,0.8023,21.9159,176.282,4413.0,385.73
RODRIGO PINHEIRO,Aframax,2024,8,0.076,0.8439,0.3095,13.2562,126.03,1696.0,143.5
ROMARIO SILVA,MR 2,2024,8,0.0932,0.8894,0.2788,12.8156,298.97,4186.8,316.68
THIAGO FERNANDES,MR 2,2024,8,0.1425,1.0074,0.3111,10.853,391.94,4868.0,393.15
TOTAL_FROTA,TODAS,2024,8,0.1507,1.225,0.358,11.7073,10517.105,91673.6,8128.39
VICTOR OLIVEIRA,Suezmax,2024,8,0.1737,1.9254,0.2176,6.1566,947.0,6101.0,499.78
BRUNO LIMA,Gaseiro 7k,2024,9,0.0622,0.4984,0.6384,20.1375,156.28,3284.8,338.49
CARLA SILVA,Aframax,2024,9,0.1643,1.0427,0.0767,7.7432,120.8,1193.0,108.7
DANIEL PEREIRA,Aframax,2024,9,0.2839,1.5251,0.334,7.7609,763.5,6386.54,521.25
EDUARDO COSTA,MR 2,2024,9,0.2534,0.9842,0.4038,10.082,310.67,3816.0,301.07
FELIPE RIBEIRO,Suezmax,2024,9,2.6093,13.958,0.2351,4.3395,343.01,356.5,35.77
FÁBIO SANTOS,Gaseiro 7k,2024,9,0.1023,0.9266,0.7417,24.3509,123.2,2939.0,248.15
GABRIELA MARTINS,Aframax,2024,9,0.1185,1.284,0.2537,8.9058,617.0,5414.0,442.1
GISELLE CARVALHO,Suezmax,2024,9,0.1684,2.0106,0.5466,6.5397,1379.5,8053.0,659.25
HENRIQUE ALVES,Suezmax,2024,9,0.1548,1.7907,0.4079,6.921,1055.0,7725.0,586.8
LUCAS MENDONÇA,MR 2,2024,9,0.11,0.9145,0.2245,12.8309,247.42,3608.7,274.07
MARCOS CAVALCANTI,Suezmax,2024,9,0.1727,1.9477,0.2375,6.2237,1236.762,7775.0,641.03
MARIA VALENTINA,Gaseiro 7k,2024,9,0.0644,0.4377,0.5694,23.2572,99.75,2848.0,232.66
PAULO MOURA,Suezmax,2024,9,0.1871,2.32,0.3263,5.4,893.4,4783.0,385.0
RAFAEL SANTOS,Suezmax,2024,9,0.2313,3.1798,0.3393,7.1065,499.6,3481.0,261.92
RAUL MARTINS,Suezmax,2024,9,0.1902,1.8432,0.205,5.9714,1081.72,6227.2,544.19
RENATO GOMES,Aframax,2024,9,0.1202,1.2862,0.2273,8.7207,459.0,3810.0,363.5
RICARDO BARBOSA,Gaseiro 7k,2024,9,0.037,0.3559,0.3499,29.9666,58.78,1741.5,163.07
RODRIGO PINHEIRO,Aframax,2024,9,0.1076,1.0033,0.2537,10.6406,599.3,6833.7,536.75
ROMARIO SILVA,MR 2,2024,9,0.1042,0.75,0.2452,14.4732,200.41,2776.0,215.9
THIAGO FERNANDES,MR 2,2024,9,0.1293,1.0689,0.4357,10.0446,244.92,2790.0,216.59
TOTAL_FROTA,TODAS,2024,9,0.2098,1.6626,0.3543,11.2598,11483.022,92561.94,7612.18
VICTOR OLIVEIRA,Suezmax,2024,9,0.1941,1.9874,0.3037,6.207,993.0,6720.0,535.92
BRUNO LIMA,Gaseiro 7k,2024,10,0.0925,0.605,0.5733,19.6838,182.499,4155.5,392.09
CARLA SILVA,Aframax,2024,10,0.191,1.2222,0.0613,6.1552,85.1,715.0,64.4
DANIEL PEREIRA,Aframax,2024,10,0.1085,1.3262,0.3991,9.5711,733.0,6731.0,541.66
EDUARDO COSTA,MR 2,2024,10,0.2321,1.0083,0.3189,8.23,293.71,3151.4,262.25
FELIPE RIBEIRO,Suezmax,2024,10,0.1523,1.9107,0.2444,6.6494,1387.65,9200.0,725.4
FÁBIO SANTOS,Gaseiro 7k,2024,10,0.0625,0.622,0.5165,52.9868,171.08,5303.5,445.5
GABRIELA MARTINS,Aframax,2024,10,0.1381,1.1653,0.1563,9.0411,158.0,1378.0,112.87
GISELLE CARVALHO,Suezmax,2024,10,0.1858,2.1003,0.3462,5.8168,1218.55,6877.0,569.0
HENRIQUE ALVES,Suezmax,2024,10,0.2201,2.5716,0.3745,6.7218,1080.0,7415.0,596.72
LUCAS MENDONÇA,MR 2,2024,10,0.0848,0.9784,0.4231,13.0521,444.57,6235.0,448.1
MARCOS CAVALCANTI,Suezmax,2024,10,0.1496,1.6771,0.3379,7.1387,1086.917,7261.0,567.06
MARIA VALENTINA,Gaseiro 7k,2024,10,0.0572,0.3492,0.5071,27.6391,75.74,2515.0,203.09
PAULO MOURA,Suezmax,2024,10,0.2865,1.6433,0.2036,5.6751,731.5,4313.5,434.2
RAFAEL SANTOS,Suezmax,2024,10,0.1489,1.7233,0.3377,7.7139,1024.5,7334.0,568.68
RAUL MARTINS,Suezmax,2024,10,0.1926,1.6631,0.2708,6.9523,846.0,5857.0,487.24
RENATO GOMES,Aframax,2024,10,0.1241,1.5046,0.2982,8.6324,865.0,7451.0,626.0
RICARDO BARBOSA,Gaseiro 7k,2024,10,0.0473,0.4135,0.394,23.7261,44.57,1384.0,109.67
RODRIGO PINHEIRO,Aframax,2024,10,0.1175,1.4042,0.2086,9.0994,743.6,6779.0,531.09
ROMARIO SILVA,MR 2,2024,10,0.0986,0.8948,0.3439,13.0687,354.52,4748.0,353.23
THIAGO FERNANDES,MR 2,2024,10,0.1448,1.0461,0.2967,9.0038,365.96,3788.0,358.23
TOTAL_FROTA,TODAS,2024,10,0.1426,1.3369,0.3422,13.2246,12469.466,106511.9,8709.48
VICTOR OLIVEIRA,Suezmax,2024,10,0.1485,1.8442,0.2517,6.7905,577.0,3920.0,313.0
BRUNO LIMA,Gaseiro 7k,2024,11,0.0645,0.4391,0.4519,25.4684,141.1,3785.5,335.18
CARLA SILVA,Aframax,2024,11,0.1549,1.1345,0.0401,10.338,35.9,255.0,28.5
DANIEL PEREIRA,Aframax,2024,11,0.1953,1.3505,0.2141,8.4009,436.5,3270.0,277.36
EDUARDO COSTA,MR 2,2024,11,0.2177,0.9783,0.4191,11.9539,282.5,3740.6,293.35
FELIPE RIBEIRO,Suezmax,2024,11,0.2141,1.6007,0.2972,6.737,691.62,5750.6,425.7
FÁBIO SANTOS,Gaseiro 7k,2024,11,0.0378,0.3743,0.3641,33.3299,131.293,4225.0,330.1
GABRIELA MARTINS,Aframax,2024,11,0.1404,1.6736,0.302,7.1913,1205.0,8605.0,720.0
GISELLE CARVALHO,Suezmax,2024,11,0.3002,2.1898,0.2284,9.1777,623.09,3961.0,337.19
HENRIQUE ALVES,Suezmax,2024,11,0.1604,1.7474,0.2297,6.5384,1096.0,7285.0,628.67
LUCAS MENDONÇA,MR 2,2024,11,0.0806,0.8078,0.3186,15.6546,166.7,2418.0,186.2
MARCOS CAVALCANTI,Suezmax,2024,11,0.1544,1.6875,0.3001,7.1082,986.42,7021.0,549.98
MARIA VALENTINA,Gaseiro 7k,2024,11,0.0525,0.4198,0.5461,22.819,118.68,3033.0,238.84
PAULO MOURA,Suezmax,2024,11,0.2753,1.617,0.2384,6.1521,913.0,6050.0,626.8
RAFAEL SANTOS,Suezmax,2024,11,0.1624,1.966,0.2584,8.3798,989.2,5964.0,497.0
RAUL MARTINS,Suezmax,2024,11,0.1753,1.7186,0.1783,6.1289,720.0,4458.0,411.1
RENATO GOMES,Aframax,2024,11,0.0944,1.1825,0.4141,11.432,668.0,7280.0,572.2
RICARDO BARBOSA,Gaseiro 7k,2024,11,0.05,0.352,0.4687,27.6442,79.155,2745.0,228.01
RODRIGO PINHEIRO,Aframax,2024,11,0.1031,1.0697,0.2413,15.9475,377.92,3020.4,254.7
ROMARIO SILVA,MR 2,2024,11,0.0877,0.7924,0.3365,14.0394,269.5,3949.0,293.71
THIAGO FERNANDES,MR 2,2024,11,0.0874,0.6292,0.208,16.051,215.2,3273.0,328.91
TOTAL_FROTA,TODAS,2024,11,0.1415,1.1974,0.3091,13.847,10833.778,95006.1,8007.6
VICTOR OLIVEIRA,Suezmax,2024,11,0.1571,1.5598,0.1879,7.0852,687.0,4917.0,444.1
BRUNO LIMA,Gaseiro 7k,2024,12,0.1575,0.7405,0.5733,21.8105,138.03,3628.6,300.16
CARLA SILVA,Aframax,2024,12,0.0938,0.6906,0.0791,16.144,105.75,1173.0,112.82
DANIEL PEREIRA,Aframax,2024,12,0.1489,1.5255,0.3116,7.5114,1034.0,7087.0,625.52
EDUARDO COSTA,MR 2,2024,12,0.1205,0.8717,0.2636,14.9491,331.65,4058.3,402.57
FELIPE RIBEIRO,Suezmax,2024,12,0.175,1.8323,0.3353,6.7263,884.92,6415.0,476.1
FÁBIO SANTOS,Gaseiro 7k,2024,12,0.0365,0.4104,0.5827,29.3899,166.65,5031.0,395.66
GABRIELA MARTINS,Aframax,2024,12,0.1,1.1976,0.3862,10.7967,750.0,7573.0,585.83
GISELLE CARVALHO,Suezmax,2024,12,0.1932,2.0118,0.2177,5.303,985.75,5034.0,451.5
HENRIQUE ALVES,Suezmax,2024,12,0.1402,1.6149,0.42,7.6823,889.0,6908.0,555.05
LUCAS MENDONÇA,MR 2,2024,12,0.1011,0.9619,0.3603,12.3005,366.5,4684.0,356.6
MARCOS CAVALCANTI,Suezmax,2024,12,0.2815,1.6265,0.2059,5.8733,538.42,3725.0,296.37
MARIA VALENTINA,Gaseiro 7k,2024,12,0.052,0.4082,0.5494,26.8389,131.19,3921.0,310.16
PAULO MOURA,Suezmax,2024,12,0.2133,1.3685,0.1591,5.7576,594.3097,3301.1,420.18
RAFAEL SANTOS,Suezmax,2024,12,0.1807,1.9457,0.3461,6.8759,998.4,7003.0,558.7
RAUL MARTINS,Suezmax,2024,12,0.1724,1.8393,0.3636,7.4567,673.0,4832.6,369.28
RENATO GOMES,Aframax,2024,12,0.1021,1.2319,0.1875,11.3209,465.8,5135.0,409.25
RICARDO BARBOSA,Gaseiro 7k,2024,12,0.0656,0.5341,0.3731,25.4391,78.6,2446.0,211.58
RODRIGO PINHEIRO,Aframax,2024,12,0.105,1.2109,0.3426,12.8644,675.21,6022.0,514.74
ROMARIO SILVA,MR 2,2024,12,0.128,0.9945,0.4432,10.977,312.0,4245.6,315.26
THIAGO FERNANDES,MR 2,2024,12,0.1677,0.8446,0.3179,11.3101,286.4,4128.0,340.42
TOTAL_FROTA,TODAS,2024,12,0.138,1.222,0.3435,13.0296,11205.8797,102164.2,8462.95
VICTOR OLIVEIRA,Suezmax,2024,12,0.1989,2.0534,0.1853,7.9549,800.3,5813.0,455.2
BRUNO LIMA,Gaseiro 7k,2025,1,0.1014,0.686,0.633,20.6117,129.1,3124.2,239.87
CARLA SILVA,Aframax,2025,1,0.1243,0.9306,0.1921,9.6743,296.5,2664.0,261.17
DANIEL PEREIRA,Aframax,2025,1,0.1557,1.4116,0.2789,8.5024,706.4,6647.0,500.85
EDUARDO COSTA,MR 2,2025,1,0.186,0.9599,0.262,9.3853,201.61,2269.0,224.35
FELIPE RIBEIRO,Suezmax,2025,1,0.1831,1.8819,0.2168,12.0018,1231.0,8195.0,689.43
FÁBIO SANTOS,Gaseiro 7k,2025,1,0.0406,0.4003,0.5641,37.8836,146.439,4227.8,339.76
GABRIELA MARTINS,Aframax,2025,1,0.1435,1.4733,0.1928,10.7363,239.96,2396.0,186.96
GISELLE CARVALHO,Suezmax,2025,1,0.1809,1.677,0.187,5.8473,892.35,5166.0,480.43
HENRIQUE ALVES,Suezmax,2025,1,0.1556,1.3214,0.2779,7.3392,587.0,4398.0,460.1
LUCAS MENDONÇA,MR 2,2025,1,0.0928,0.8965,0.298,13.8244,288.45,4150.5,311.1
MARCOS CAVALCANTI,Suezmax,2025,1,0.1599,1.8992,0.2426,6.4302,880.48,5609.0,450.03
MARIA VALENTINA,Gaseiro 7k,2025,1,0.0652,0.4413,0.5025,21.0078,123.745,3519.4,285.01
PAULO MOURA,Suezmax,2025,1,0.2029,1.7716,0.1936,7.6336,995.351,6092.5,613.98
RAFAEL SANTOS,Suezmax,2025,1,0.1501,1.5532,0.3579,7.6791,663.0,5180.0,419.13
RAUL MARTINS,Suezmax,2025,1,0.3097,3.4809,0.2022,6.7147,726.0,4154.0,352.93
RENATO GOMES,Aframax,2025,1,0.3564,0.6089,0.0275,14.9015,24.6,226.5,58.45
RICARDO BARBOSA,Gaseiro 7k,2025,1,0.0572,0.4803,0.4544,28.7964,90.7,2828.0,232.63
RODRIGO PINHEIRO,Aframax,2025,1,0.0924,1.118,0.3299,12.9364,356.14,4240.0,315.9
ROMARIO SILVA,MR 2,2025,1,0.1391,0.8186,0.3849,14.6977,218.97,3192.0,229.88
THIAGO FERNANDES,MR 2,2025,1,0.1831,1.1307,0.2599,10.7022,300.7,3951.0,303.81
TOTAL_FROTA,TODAS,2025,1,0.1482,1.2748,0.3059,13.2696,9856.495,88069.9,7437.97
VICTOR OLIVEIRA,Suezmax,2025,1,0.1327,1.4495,0.238,9.5964,758.0,5840.0,482.2
BRUNO LIMA,Gaseiro 7k,2025,2,0.1059,0.6688,0.9226,21.956,220.545,5462.3,452.71
CARLA SILVA,Aframax,2025,2,0.1274,0.9738,0.1534,8.7329,320.7,2521.0,315.72
DANIEL PEREIRA,Aframax,2025,2,0.171,1.744,0.2729,7.2026,820.0,5903.0,495.16
EDUARDO COSTA,MR 2,2025,2,0.1496,0.74,0.2474,10.0643,178.74,2194.0,227.0
FELIPE RIBEIRO,Suezmax,2025,2,0.1578,1.6689,0.3021,7.9963,693.5,5572.0,419.6
FÁBIO SANTOS,Gaseiro 7k,2025,2,0.0389,0.3718,0.5378,29.444,87.38,2525.0,206.65
GABRIELA MARTINS,Aframax,2025,2,0.1303,1.6103,0.2765,7.7278,1102.0,8473.5,684.0
GISELLE CARVALHO,Suezmax,2025,2,0.2003,1.5491,0.3852,6.0003,379.5,2446.0,218.37
HENRIQUE ALVES,Suezmax,2025,2,0.214,1.2081,0.1679,7.5652,501.8,3518.0,364.57
LUCAS MENDONÇA,MR 2,2025,2,0.1129,1.0017,0.3601,10.2797,273.4,3158.0,255.63
MARCOS CAVALCANTI,Suezmax,2025,2,0.2091,1.902,0.1903,5.9758,889.0,5809.0,499.02
MARIA VALENTINA,Gaseiro 7k,2025,2,0.0837,0.4614,0.6316,19.3428,123.865,3385.0,273.5
PAULO MOURA,Suezmax,2025,2,0.2402,1.863,0.2263,6.7392,737.0,4445.5,447.28
RAFAEL SANTOS,Suezmax,2025,2,0.164,1.8666,0.2526,6.1843,1112.5,6705.0,576.5
RAUL MARTINS,Suezmax,2025,2,0.209,2.0867,0.1548,7.1635,784.0,5568.0,521.51
RENATO GOMES,Aframax,2025,2,0.1303,1.3599,0.2333,8.5339,767.3,6624.0,555.97
RICARDO BARBOSA,Gaseiro 7k,2025,2,0.0708,0.5353,0.4724,26.0987,106.819,3402.0,289.67
RODRIGO PINHEIRO,Aframax,2025,2,0.1279,1.3841,0.2133,10.329,774.71,8355.0,631.0
ROMARIO SILVA,MR 2,2025,2,0.0878,0.8167,0.2801,13.5114,284.9,3825.0,308.2
THIAGO FERNANDES,MR 2,2025,2,0.2397,0.8638,0.2263,11.2582,258.81,3511.0,292.21
TOTAL_FROTA,TODAS,2025,2,0.1491,1.2603,0.3167,11.3514,11121.969,98688.3,8511.21
VICTOR OLIVEIRA,Suezmax,2025,2,0.1359,1.4564,0.2545,7.8273,705.5,5286.0,476.94
BRUNO LIMA,Gaseiro 7k,2025,3,0.0775,0.4128,0.4445,23.9944,109.68,3232.9,256.92
CARLA SILVA,Aframax,2025,3,0.1013,0.7978,0.0614,11.0871,83.0,815.0,78.68
DANIEL PEREIRA,Aframax,2025,3,0.1605,1.4783,0.2312,8.1765,650.5,5458.0,418.35
EDUARDO COSTA,MR 2,2025,3,0.1317,0.9172,0.4588,9.7354,358.59,3993.0,336.51
FELIPE RIBEIRO,Suezmax,2025,3,0.1519,1.6032,0.2579,7.5352,823.2,6468.0,508.17
FÁBIO SANTOS,Gaseiro 7k,2025,3,0.0479,0.4277,0.6487,34.8581,131.445,3258.0,279.49
GABRIELA MARTINS,Aframax,2025,3,0.2655,1.4135,0.2465,6.5609,626.57,4922.0,487.32
GISELLE CARVALHO,Suezmax,2025,3,0.1502,1.3128,0.2065,8.6275,262.35,2552.0,190.09
HENRIQUE ALVES,Suezmax,2025,3,0.1415,1.46,0.1881,8.4622,897.3,6442.0,571.45
LUCAS MENDONÇA,MR 2,2025,3,0.0814,1.01,0.3088,13.8759,101.56,1566.0,110.9
MARCOS CAVALCANTI,Suezmax,2025,3,0.189,1.8615,0.3712,7.5015,1204.8,8061.0,659.7
MARIA VALENTINA,Gaseiro 7k,2025,3,0.062,0.447,0.5917,21.5965,102.1,2770.0,215.43
PAULO MOURA,Suezmax,2025,3,0.2601,1.8249,0.1668,4.5052,476.0,2647.0,245.8
RAFAEL SANTOS,Suezmax,2025,3,0.1829,1.9874,0.2579,7.3105,833.2,5844.0,433.67
RAUL MARTINS,Suezmax,2025,3,0.2146,1.9256,0.4003,7.3619,600.0,4657.0,391.95
RENATO GOMES,Aframax,2025,3,0.1047,0.7566,0.0596,13.8387,73.21,718.0,153.26
RICARDO BARBOSA,Gaseiro 7k,2025,3,0.0678,0.3893,0.4241,22.9781,92.66,2939.0,253.39
RODRIGO PINHEIRO,Aframax,2025,3,0.1846,1.3467,0.1889,9.005,427.4,4498.0,354.15
ROMARIO SILVA,MR 2,2025,3,0.1119,0.7423,0.2567,14.9735,183.7,2906.1,221.07
THIAGO FERNANDES,MR 2,2025,3,0.1095,0.8968,0.2957,10.6921,252.3,3125.0,281.54
TOTAL_FROTA,TODAS,2025,3,0.146,1.1799,0.2972,12.2057,8684.065,80064.0,6810.03
VICTOR OLIVEIRA,Suezmax,2025,3,0.1721,1.1536,0.102,8.3409,394.5,3192.0,362.19
BRUNO LIMA,Gaseiro 7k,2025,4,0.0685,0.5814,0.4907,27.5493,117.65,3299.8,243.34
CARLA SILVA,Aframax,2025,4,0.0862,0.5674,0.0099,11.75,4.0,47.0,7.27
DANIEL PEREIRA,Aframax,2025,4,0.1853,1.6757,0.2559,7.3802,511.0,3678.0,326.86
EDUARDO COSTA,MR 2,2025,4,0.3402,1.1423,0.4365,6.7232,205.08,2072.0,181.9
FELIPE RIBEIRO,Suezmax,2025,4,0.1595,1.6832,0.1988,6.7957,797.8,5893.0,464.2
FÁBIO SANTOS,Gaseiro 7k,2025,4,0.0512,0.4732,0.4312,22.6286,119.359,2756.0,245.37
GABRIELA MARTINS,Aframax,2025,4,0.1215,1.4943,0.2537,8.874,927.71,7855.0,593.0
GISELLE CARVALHO,Suezmax,2025,4,0.1181,1.5465,0.466,9.531,1011.8,8722.0,636.9
HENRIQUE ALVES,Suezmax,2025,4,0.1568,1.6091,0.2825,8.8525,854.0,7140.0,592.13
LUCAS MENDONÇA,MR 2,2025,4,0.1344,0.9937,0.2954,10.2793,237.5,2878.0,229.3
MARCOS CAVALCANTI,Suezmax,2025,4,0.2767,2.2663,0.1623,5.2856,598.51,3637.0,319.48
MARIA VALENTINA,Gaseiro 7k,2025,4,0.0454,0.4448,0.5693,25.0283,152.413,4451.5,362.94
PAULO MOURA,Suezmax,2025,4,0.195,1.916,0.232,5.3079,1248.5,6727.0,654.93
RAFAEL SANTOS,Suezmax,2025,4,0.2244,2.0654,0.4137,6.7502,957.4,6819.3,527.1
RICARDO BARBOSA,Gaseiro 7k,2025,4,0.0462,0.3796,0.6217,27.046,161.5,4873.0,406.83
RODRIGO PINHEIRO,Aframax,2025,4,0.1094,1.0653,0.2992,10.6075,629.9,6844.0,576.02
ROMARIO SILVA,MR 2,2025,4,0.1207,1.0033,0.2367,9.6936,204.33,2542.74,206.58
THIAGO FERNANDES,MR 2,2025,4,0.1544,0.9135,0.1965,9.5317,137.35,1850.0,151.1
TOTAL_FROTA,TODAS,2025,4,0.1395,1.2515,0.3423,12.6058,9556.302,86599.34,7099.8
VICTOR OLIVEIRA,Suezmax,2025,4,0.1584,1.6855,0.1879,6.628,680.5,4514.0,374.55
BRUNO LIMA,Gaseiro 7k,2025,5,0.0701,0.5347,0.4556,24.8736,126.85,3395.5,263.07
CARLA SILVA,Aframax,2025,5,0.1318,0.9859,0.1193,9.4412,269.5,2250.0,214.33
DANIEL PEREIRA,Aframax,2025,5,0.2883,1.6041,0.1499,9.7446,369.0,3031.0,260.54
EDUARDO COSTA,MR 2,2025,5,0.2468,0.9305,0.3095,7.3044,265.48,2623.0,258.09
FELIPE RIBEIRO,Suezmax,2025,5,0.25,1.682,0.2248,6.6737,830.0,6052.9,489.8
FÁBIO SANTOS,Gaseiro 7k,2025,5,0.0533,0.5722,0.7085,31.2751,130.5,3449.0,246.54
GABRIELA MARTINS,Aframax,2025,5,0.1556,1.53,0.1873,8.951,473.9,3787.0,312.5
GISELLE CARVALHO,Suezmax,2025,5,0.2193,2.0903,0.1835,6.1392,1035.607,7056.0,560.82
HENRIQUE ALVES,Suezmax,2025,5,0.4916,1.6854,0.1788,6.4216,436.0,2871.0,285.13
LUCAS MENDONÇA,MR 2,2025,5,0.1128,0.5964,0.1464,11.8067,180.25,2424.5,398.0
MARCOS CAVALCANTI,Suezmax,2025,5,0.2752,1.804,0.1972,6.0731,746.85,5147.5,456.59
MARIA VALENTINA,Gaseiro 7k,2025,5,0.0639,0.4727,0.5621,22.0978,159.785,4724.0,363.25
PAULO MOURA,Suezmax,2025,5,0.1719,1.5721,0.2485,6.9822,927.25,6006.0,533.5
RAFAEL SANTOS,Suezmax,2025,5,0.1716,1.9577,0.2588,6.0802,1415.0,8376.0,697.2
RAUL MARTINS,Suezmax,2025,5,0.1267,1.5029,0.3549,8.4405,475.523,4095.0,309.29
RICARDO BARBOSA,Gaseiro 7k,2025,5,0.0466,0.4421,0.5241,28.0032,139.1,3758.0,322.67
RODRIGO PINHEIRO,Aframax,2025,5,0.1359,1.2546,0.1896,9.5643,732.9,7156.0,579.22
ROMARIO SILVA,MR 2,2025,5,0.0795,0.8118,0.2633,15.096,213.09,2707.0,212.64
THIAGO FERNANDES,MR 2,2025,5,0.2631,1.7313,0.2035,8.8077,178.43,1726.0,171.32
TOTAL_FROTA,TODAS,2025,5,0.1743,1.2475,0.2823,12.0608,9664.315,85629.4,7429.13
VICTOR OLIVEIRA,Suezmax,2025,5,0.1463,1.1691,0.2071,7.974,559.3,4994.0,494.63
BRUNO LIMA,Gaseiro 7k,2025,6,0.1664,0.7358,0.4248,20.2441,87.75,2323.7,181.77
CARLA SILVA,Aframax,2025,6,0.1513,1.1942,0.0471,11.1975,56.5,557.0,49.83
DANIEL PEREIRA,Aframax,2025,6,0.1306,1.5365,0.2599,8.1829,1087.0,8183.0,678.6
EDUARDO COSTA,MR 2,2025,6,0.1438,0.9627,0.2574,8.4875,213.3,1961.0,203.24
FELIPE RIBEIRO,Suezmax,2025,6,0.1418,1.5798,0.3088,7.7116,802.53,6505.3,502.65
FÁBIO SANTOS,Gaseiro 7k,2025,6,0.0446,0.4639,0.7018,25.8746,173.09,4515.0,384.35
GABRIELA MARTINS,Aframax,2025,6,0.1346,1.5494,0.252,7.8752,969.3,7425.0,604.92
GISELLE CARVALHO,Suezmax,2025,6,0.2273,1.5669,0.1698,9.3463,484.46,3638.0,303.67
HENRIQUE ALVES,Suezmax,2025,6,0.4022,1.4909,0.1383,5.7449,365.0,2607.0,297.84
LUCAS MENDONÇA,MR 2,2025,6,0.0993,0.8745,0.2529,12.6768,305.2,4145.0,338.8
MARCOS CAVALCANTI,Suezmax,2025,6,0.3331,1.4043,0.1249,7.2563,325.012,2446.0,212.6
MARIA VALENTINA,Gaseiro 7k,2025,6,0.0641,0.457,0.5431,23.0007,162.895,4929.0,390.5
PAULO MOURA,Suezmax,2025,6,0.1866,1.7747,0.215,5.9125,940.0,5497.0,496.08
RAFAEL SANTOS,Suezmax,2025,6,0.155,1.5821,0.3626,7.1477,533.8,3454.0,298.48
RAUL MARTINS,Suezmax,2025,6,0.2716,1.8546,0.2386,5.8366,958.0,6141.5,512.89
RENATO GOMES,Aframax,2025,6,0.125,0.5,0.0118,8.0,0.5,4.0,1.0
RICARDO BARBOSA,Gaseiro 7k,2025,6,0.0396,0.3793,0.5846,27.9534,117.7,3391.0,289.37
RODRIGO PINHEIRO,Aframax,2025,6,0.1673,1.376,0.1617,19.3931,433.64,4580.8,360.98
ROMARIO SILVA,MR 2,2025,6,0.0637,0.7502,0.3824,18.4698,295.94,4235.0,313.58
THIAGO FERNANDES,MR 2,2025,6,0.1186,0.8899,0.221,10.3246,179.73,2255.0,199.03
TOTAL_FROTA,TODAS,2025,6,0.1544,1.1884,0.3074,12.8719,9425.847,84470.3,7106.88
VICTOR OLIVEIRA,Suezmax,2025,6,0.1573,1.7172,0.2081,6.5787,934.5,5677.0,486.7
BRUNO LIMA,Gaseiro 7k,2025,7,0.0691,0.5458,0.6425,25.473,141.16,4007.0,301.55
CARLA SILVA,Aframax,2025,7,0.1474,0.8806,0.0436,8.8558,72.0,875.0,58.64
DANIEL PEREIRA,Aframax,2025,7,0.201,1.2001,0.2641,7.4486,565.0,4971.0,476.71
EDUARDO COSTA,MR 2,2025,7,0.2383,1.0548,0.3824,6.7482,360.69,3259.0,323.33
FELIPE RIBEIRO,Suezmax,2025,7,0.1758,1.3017,0.1534,6.7183,547.91,3868.0,420.45
FÁBIO SANTOS,Gaseiro 7k,2025,7,0.0453,0.443,0.6448,26.3124,152.47,3582.0,305.91
GABRIELA MARTINS,Aframax,2025,7,0.1591,1.1678,0.1698,7.9969,329.2,2608.0,244.5
GISELLE CARVALHO,Suezmax,2025,7,0.1182,1.5815,0.5135,8.803,1069.66,8940.0,664.25
HENRIQUE ALVES,Suezmax,2025,7,0.3611,1.521,0.1852,6.1113,183.0,1230.0,145.05
LUCAS MENDONÇA,MR 2,2025,7,0.1035,0.8264,0.1722,13.0291,163.06,2493.0,198.2
MARCOS CAVALCANTI,Suezmax,2025,7,0.154,1.1258,0.1104,9.3114,278.36,2172.0,205.9
MARIA VALENTINA,Gaseiro 7k,2025,7,0.0456,0.3777,0.6051,30.013,161.717,4811.0,390.74
PAULO MOURA,Suezmax,2025,7,0.24,2.0296,0.1607,40.5973,783.7,4679.8,456.98
RAFAEL SANTOS,Suezmax,2025,7,0.2264,1.7834,0.2261,6.0896,1102.4,6834.0,585.37
RAUL MARTINS,Suezmax,2025,7,0.2539,2.2077,0.2481,5.7691,655.0,3486.0,291.16
RENATO GOMES,Aframax,2025,7,0.1694,1.4008,0.1024,8.6457,232.25,1795.0,159.44
RICARDO BARBOSA,Gaseiro 7k,2025,7,0.0496,0.3937,0.7091,26.1731,152.5,4451.0,385.39
RODRIGO PINHEIRO,Aframax,2025,7,0.1887,1.5381,0.2267,9.036,597.16,6003.0,502.83
ROMARIO SILVA,MR 2,2025,7,0.0894,0.7415,0.296,27.687,220.79,2915.0,238.51
THIAGO FERNANDES,MR 2,2025,7,0.113,0.9159,0.2914,10.5006,213.8,2763.0,232.74
TOTAL_FROTA,TODAS,2025,7,0.1506,1.1569,0.323,14.9789,8881.327,82305.8,7114.36
VICTOR OLIVEIRA,Suezmax,2025,7,0.1533,1.5861,0.2345,7.4146,899.5,6563.0,526.71
BRUNO LIMA,Gaseiro 7k,2025,8,0.0823,0.4316,0.4493,18.786,70.934,1665.5,165.0
CARLA SILVA,Aframax,2025,8,0.227,1.3228,0.0414,7.1944,13.0,112.0,11.7
DANIEL PEREIRA,Aframax,2025,8,0.23,2.0067,0.2516,7.1529,1018.5,7635.5,620.31
EDUARDO COSTA,MR 2,2025,8,0.1759,1.1494,0.5401,7.6555,435.66,3793.0,371.95
FELIPE RIBEIRO,Suezmax,2025,8,0.1588,1.7734,0.1817,6.4996,888.71,6063.0,469.7
FÁBIO SANTOS,Gaseiro 7k,2025,8,0.0547,0.5047,0.7982,20.0192,141.439,2962.0,297.07
GABRIELA MARTINS,Aframax,2025,8,0.1301,1.3985,0.2423,8.5695,907.9,7454.0,614.4
GISELLE CARVALHO,Suezmax,2025,8,0.1367,1.4625,0.2322,8.2111,997.64,7737.0,593.86
HENRIQUE ALVES,Suezmax,2025,8,0.2304,1.8648,0.1874,5.4362,863.5,4567.0,451.47
LUCAS MENDONÇA,MR 2,2025,8,0.1029,0.9004,0.218,12.8262,225.95,3305.3,260.5
MARCOS CAVALCANTI,Suezmax,2025,8,0.1714,1.8601,0.2397,6.5653,1385.61,7879.0,727.7
MARIA VALENTINA,Gaseiro 7k,2025,8,0.0492,0.4348,0.6293,24.5248,79.4,2167.0,172.67
PAULO MOURA,Suezmax,2025,8,0.2508,1.7686,0.1386,7.4014,457.34,2635.0,254.28
RAFAEL SANTOS,Suezmax,2025,8,0.1554,1.5773,0.1777,7.0506,447.0,2854.6,261.92
RAUL MARTINS,Suezmax,2025,8,0.2223,1.7521,0.154,6.3118,468.6,3501.9,282.2
RENATO GOMES,Aframax,2025,8,0.1395,1.5963,0.3675,7.8305,1035.82,7648.0,642.5
RICARDO BARBOSA,Gaseiro 7k,2025,8,0.0565,0.4242,0.6735,22.7634,168.2,4693.0,397.41
RODRIGO PINHEIRO,Aframax,2025,8,0.0799,0.9631,0.1679,30.5932,516.8,5326.0,430.5
ROMARIO SILVA,MR 2,2025,8,0.1668,1.1103,0.2562,9.4303,314.0,3954.0,307.07
THIAGO FERNANDES,MR 2,2025,8,0.178,1.0202,0.2663,6.7038,167.2,1225.0,158.4
TOTAL_FROTA,TODAS,2025,8,0.151,1.3543,0.3109,11.0901,11779.203,95390.8,8179.11
VICTOR OLIVEIRA,Suezmax,2025,8,0.1467,1.7341,0.3881,7.5995,1176.0,8213.0,688.5
BRUNO LIMA,Gaseiro 7k,2025,9,0.0742,0.4576,0.6222,24.014,171.58,4737.6,391.86
CARLA SILVA,Aframax,2025,9,0.1486,0.9335,0.0331,9.2364,30.0,234.7,36.4
DANIEL PEREIRA,Aframax,2025,9,0.1679,1.6261,0.2315,6.3779,420.5,2871.0,241.03
EDUARDO COSTA,MR 2,2025,9,0.232,1.066,0.4045,8.5932,254.65,3168.0,252.25
FELIPE RIBEIRO,Suezmax,2025,9,0.163,1.6786,0.343,7.3773,924.314,7371.0,545.17
FÁBIO SANTOS,Gaseiro 7k,2025,9,0.038,0.3985,0.5295,28.7265,149.933,3869.0,339.66
GABRIELA MARTINS,Aframax,2025,9,0.1989,1.2201,0.2372,8.6968,349.19,3199.4,254.1
GISELLE CARVALHO,Suezmax,2025,9,0.1645,1.8749,0.25,6.9966,907.39,5879.0,556.99
HENRIQUE ALVES,Suezmax,2025,9,0.1873,1.7063,0.2106,5.79,967.5,4922.0,468.0
LUCAS MENDONÇA,MR 2,2025,9,0.1031,0.9429,0.1859,10.5382,82.3,1092.0,86.3
MARCOS CAVALCANTI,Suezmax,2025,9,0.1391,1.292,0.1152,9.4903,264.83,1983.0,177.88
MARIA VALENTINA,Gaseiro 7k,2025,9,0.0534,0.444,0.755,25.0283,203.975,6061.0,475.67
PAULO MOURA,Suezmax,2025,9,0.1651,1.9042,0.2605,6.1146,1371.0,8315.0,720.0
RAFAEL SANTOS,Suezmax,2025,9,0.1821,1.4262,0.1228,7.6616,173.2,1291.7,112.09
RAUL MARTINS,Suezmax,2025,9,0.1698,1.1253,0.099,9.5633,229.775,2091.5,267.1
RENATO GOMES,Aframax,2025,9,0.1374,1.4172,0.2316,10.5883,389.0,3112.7,263.77
RICARDO BARBOSA,Gaseiro 7k,2025,9,0.047,0.4452,0.6347,24.8606,186.8,4796.5,405.01
RODRIGO PINHEIRO,Aframax,2025,9,0.1016,1.2322,0.2141,10.1815,733.7,7427.0,591.3
ROMARIO SILVA,MR 2,2025,9,0.0925,0.8779,0.3755,13.8425,437.55,5632.0,446.74
THIAGO FERNANDES,MR 2,2025,9,0.193,1.0308,0.4967,10.6834,251.0,2981.5,248.08
TOTAL_FROTA,TODAS,2025,9,0.1304,1.1372,0.3548,13.2558,8905.937,83995.8,7122.59
VICTOR OLIVEIRA,Suezmax,2025,9,0.1715,1.5988,0.1789,7.2399,407.75,2960.2,243.19
BRUNO LIMA,Gaseiro 7k,2025,10,0.0957,0.4429,0.5748,64.0543,144.59,3837.6,326.77
CARLA SILVA,Aframax,2025,10,0.1042,0.6212,0.1439,13.9032,99.2,804.0,82.13
DANIEL PEREIRA,Aframax,2025,10,0.2611,1.7565,0.2246,6.4784,515.0,3789.0,340.98
EDUARDO COSTA,MR 2,2025,10,0.2512,1.1251,0.1662,6.5932,101.65,905.0,89.98
FELIPE RIBEIRO,Suezmax,2025,10,0.1823,1.7952,0.2017,6.2414,943.795,6123.0,520.43
FÁBIO SANTOS,Gaseiro 7k,2025,10,0.0429,0.4315,0.5898,27.146,154.944,3838.0,336.86
GABRIELA MARTINS,Aframax,2025,10,0.114,1.3759,0.3076,9.5339,849.33,8432.0,642.43
GISELLE CARVALHO,Suezmax,2025,10,0.1073,1.3634,0.3499,10.1151,484.056,4296.8,317.17
HENRIQUE ALVES,Suezmax,2025,10,0.1764,1.7106,0.3017,7.1383,1137.3,7660.0,640.52
LUCAS MENDONÇA,MR 2,2025,10,0.104,0.8664,0.1506,11.1512,68.6,883.0,80.1
MARCOS CAVALCANTI,Suezmax,2025,10,0.2066,1.8712,0.2923,5.8436,1186.49,7545.0,638.22
MARIA VALENTINA,Gaseiro 7k,2025,10,0.0769,0.4752,0.6521,21.2954,124.472,3357.0,275.07
PAULO MOURA,Suezmax,2025,10,0.1959,1.5624,0.2857,6.9105,618.82,4123.0,410.4
RAFAEL SANTOS,Suezmax,2025,10,0.177,1.8953,0.2244,5.8083,1392.2,7846.0,690.17
RAUL MARTINS,Suezmax,2025,10,0.1507,1.7959,0.2403,7.0584,1224.67,8545.8,676.5
RENATO GOMES,Aframax,2025,10,0.1123,1.162,0.2666,11.4025,307.5,2491.0,220.1
RICARDO BARBOSA,Gaseiro 7k,2025,10,0.0353,0.3523,0.6881,32.9019,48.4,1172.0,112.83
RODRIGO PINHEIRO,Aframax,2025,10,0.1095,1.0909,0.3265,11.3195,545.29,6213.5,486.07
ROMARIO SILVA,MR 2,2025,10,0.0667,0.7302,0.2985,17.9793,229.46,2905.0,221.5
THIAGO FERNANDES,MR 2,2025,10,0.2183,0.9087,0.1118,7.7333,50.86,591.5,55.82
TOTAL_FROTA,TODAS,2025,10,0.1442,1.2731,0.3237,14.1061,10704.427,89111.7,7470.93
VICTOR OLIVEIRA,Suezmax,2025,10,0.195,1.6092,0.2644,6.9511,477.8,3753.5,306.88
BRUNO LIMA,Gaseiro 7k,2025,11,0.0607,0.4323,0.4461,37.3794,76.73,2154.1,189.19
CARLA SILVA,Aframax,2025,11,0.139,0.9073,0.0931,15.8809,85.5,724.3,63.83
DANIEL PEREIRA,Aframax,2025,11,0.2157,2.1208,0.3504,7.5271,557.0,3531.0,333.18
EDUARDO COSTA,MR 2,2025,11,0.4168,0.9355,0.3266,5.6787,55.05,333.0,61.25
FELIPE RIBEIRO,Suezmax,2025,11,0.2089,1.8189,0.2036,5.7716,548.77,3560.5,293.93
FÁBIO SANTOS,Gaseiro 7k,2025,11,0.0353,0.3809,0.5547,48.9624,101.19,2517.0,216.65
GABRIELA MARTINS,Aframax,2025,11,0.2908,1.1174,0.1602,6.9658,94.04,1076.0,79.4
HENRIQUE ALVES,Suezmax,2025,11,0.1581,1.8345,0.254,6.3579,790.0,5020.0,431.92
LUCAS MENDONÇA,MR 2,2025,11,0.1217,0.9181,0.1772,9.4418,40.2,469.0,42.2
MARCOS CAVALCANTI,Suezmax,2025,11,0.2345,2.0586,0.2357,5.1915,734.85,4245.8,366.25
MARIA VALENTINA,Gaseiro 7k,2025,11,0.0417,0.444,0.6828,26.6065,36.13,1128.0,83.16
PAULO MOURA,Suezmax,2025,11,0.8764,2.2978,0.0941,3.5835,9.62,44.0,5.6
RAFAEL SANTOS,Suezmax,2025,11,0.1579,1.7243,0.3778,7.0644,920.4,5944.0,450.07
RAUL MARTINS,Suezmax,2025,11,0.2781,1.9598,0.3261,6.852,745.516,5526.4,411.74
RENATO GOMES,Aframax,2025,11,0.1365,1.5363,0.2523,7.8153,839.8,6665.0,570.4
RICARDO BARBOSA,Gaseiro 7k,2025,11,0.08,0.4065,0.2934,12.5,2.0,25.0,4.92
RODRIGO PINHEIRO,Aframax,2025,11,0.094,1.0624,0.347,12.6532,304.0,3170.0,262.9
ROMARIO SILVA,MR 2,2025,11,0.0682,0.7455,0.2049,16.2911,108.8,1391.5,107.42
THIAGO FERNANDES,MR 2,2025,11,0.1546,0.9087,0.2457,10.018,128.4,1581.0,140.22
TOTAL_FROTA,TODAS,2025,11,0.164,1.3501,0.3117,13.9436,6554.596,52034.4,4354.63
VICTOR OLIVEIRA,Suezmax,2025,11,0.1451,1.2835,0.2238,8.2339,376.6,2928.8,240.4
