shipName,Classe,ano,consumo_por_milha,consumo_por_hora,consumo_por_displacement,eficiencia_transporte,consumo_ton,distance,duration
BRUNO LIMA,Gaseiro 7k,2021,0.0619,0.5225,0.643,35.145,730.747,19618.7,1606.65
CARLA SILVA,Aframax,2021,0.1701,1.4812,0.2265,7.4834,2310.6,17794.0,1629.16
DANIEL PEREIRA,Aframax,2021,0.2497,1.7774,0.3484,6.8407,4225.71,28585.1,2395.08
EDUARDO COSTA,MR 2,2021,0.142,1.1064,0.4923,9.4374,1728.148,17316.0,1555.35
FELIPE RIBEIRO,Suezmax,2021,0.2271,1.8479,0.2674,5.9479,5119.46,30237.0,2587.75
FÁBIO SANTOS,Gaseiro 7k,2021,0.1495,0.4706,0.6429,25.2062,647.92,17291.3,1495.99
GABRIELA MARTINS,Aframax,2021,0.1924,1.5084,0.2582,6.501,4398.6063,31230.5,2729.53
GISELLE CARVALHO,Suezmax,2021,0.1788,1.9802,0.3515,8.7915,6122.0,39725.0,3069.63
HENRIQUE ALVES,Suezmax,2021,0.235,2.1073,0.3386,5.2908,3552.0,18985.5,1725.33
LUCAS MENDONÇA,MR 2,2021,0.1094,1.0178,0.3896,12.6549,2306.04,29239.0,2215.71
MARCOS CAVALCANTI,Suezmax,2021,0.2173,1.674,0.227,8.7688,3793.29,29461.0,2491.19
MARIA VALENTINA,Gaseiro 7k,2021,0.0744,0.5536,0.7099,22.933,958.05,25645.9,2125.52
PAULO MOURA,Suezmax,2021,0.1327,1.611,0.2999,8.1854,5384.0,40078.0,3219.59
RAFAEL SANTOS,Suezmax,2021,0.2175,2.3787,0.2804,7.2238,3139.45,13995.0,1137.85
RAUL MARTINS,Suezmax,2021,0.2072,1.8685,0.2604,6.635,5892.14,40703.0,3310.88
RENATO GOMES,Aframax,2021,0.1683,1.8108,0.3465,8.7311,5866.899,43660.8,3537.41
RICARDO BARBOSA,Gaseiro 7k,2021,0.0481,0.4347,0.6233,24.5706,858.45,23970.86,1999.61
RODRIGO PINHEIRO,Aframax,2021,0.2334,1.6491,0.3323,7.8384,6666.21,54032.6,4417.93
ROMARIO SILVA,MR 2,2021,0.1738,0.894,0.3196,13.0535,2285.4,28108.03,2572.3
THIAGO FERNANDES,MR 2,2021,0.1125,1.0776,0.3354,16.3428,1122.78,12170.3,1009.54
TOTAL_FROTA,TODAS,2021,0.1645,1.3542,0.3819,12.5367,67203.7603,562396.59,46877.58
VICTOR OLIVEIRA,Suezmax,2021,0.1346,1.4991,0.1999,8.6012,95.86,549.0,45.58
BRUNO LIMA,Gaseiro 7k,2022,0.0468,0.4238,0.5836,25.7881,1729.871,50130.04,3950.75
CARLA SILVA,Aframax,2022,0.1983,1.5985,0.2692,7.1295,6778.65,48122.4,4442.56
DANIEL PEREIRA,Aframax,2022,0.2012,1.6202,0.322,8.2155,8037.0,60427.0,5017.47
EDUARDO COSTA,MR 2,2022,0.3646,1.6107,0.3866,9.5329,3226.475,36905.52,2770.02
FELIPE RIBEIRO,Suezmax,2022,0.2618,2.1054,0.2985,4.6506,10393.994,50215.2,4735.57
FÁBIO SANTOS,Gaseiro 7k,2022,0.0462,0.4177,0.5548,26.8629,1455.314,39680.3,3324.46
GABRIELA MARTINS,Aframax,2022,0.1485,1.4724,0.2947,9.7108,8320.147,65496.6,5381.09
GISELLE CARVALHO,Suezmax,2022,0.2482,2.0858,0.344,6.4806,10580.43,68167.3,5484.0
HENRIQUE ALVES,Suezmax,2022,0.3467,2.0093,0.2527,4.8152,7508.0,39878.6,4021.93
LUCAS MENDONÇA,MR 2,2022,0.1908,1.0757,0.2618,9.6672,3286.472,37251.78,3152.46
MARCOS CAVALCANTI,Suezmax,2022,0.2059,1.6305,0.2389,7.1332,7825.37,58436.0,5028.11
MARIA VALENTINA,Gaseiro 7k,2022,0.0588,0.4714,0.6408,22.6373,1746.446,45063.4,3762.66
PAULO MOURA,Suezmax,2022,0.1478,1.6932,0.2763,7.2923,7766.48,52938.9,4376.42
RAFAEL SANTOS,Suezmax,2022,0.1963,1.9308,0.3028,6.8686,9152.897,60443.9,4922.98
RAUL MARTINS,Suezmax,2022,0.1666,1.7494,0.2703,7.724,9537.61,62951.6,5193.38
RENATO GOMES,Aframax,2022,0.2327,1.5324,0.2957,6.8123,8354.4075,64958.24,5600.03
RICARDO BARBOSA,Gaseiro 7k,2022,0.0629,0.4416,0.5879,24.8465,1961.333,50507.0,4504.89
RODRIGO PINHEIRO,Aframax,2022,0.2113,1.4831,0.2877,8.0858,8624.22,70922.9,5790.15
ROMARIO SILVA,MR 2,2022,0.1749,1.132,0.2815,10.5975,3534.25,39761.27,4034.54
THIAGO FERNANDES,MR 2,2022,0.1605,1.1034,0.3149,10.6996,2821.561,32272.0,2648.25
TOTAL_FROTA,TODAS,2022,0.1798,1.3777,0.3585,11.6391,131561.0775,1089663.45,92998.5
VICTOR OLIVEIRA,Suezmax,2022,0.2195,2.3314,0.3074,8.3295,8920.15,55133.5,4856.78
BRUNO LIMA,Gaseiro 7k,2023,0.0459,0.3961,0.5604,26.8367,1607.397,47094.12,3823.92
CARLA SILVA,Aframax,2023,0.1695,1.3657,0.1494,7.2403,2905.55,19580.9,1991.71
DANIEL PEREIRA,Aframax,2023,0.2113,1.7846,0.2723,8.3844,8398.75,62699.0,5283.11
EDUARDO COSTA,MR 2,2023,0.1567,0.9976,0.2782,11.1623,2751.299,31128.25,2600.08
FELIPE RIBEIRO,Suezmax,2023,0.3917,1.9068,0.2346,5.1317,7294.45,37053.7,3872.74
FÁBIO SANTOS,Gaseiro 7k,2023,0.0768,0.7437,0.5873,36.0885,1646.524,41741.3,3484.82
GABRIELA MARTINS,Aframax,2023,0.1596,1.5024,0.2771,9.0382,8314.09,65541.5,5618.27
GISELLE CARVALHO,Suezmax,2023,0.2592,2.0637,0.2303,6.7026,9273.07,58532.8,4840.32
HENRIQUE ALVES,Suezmax,2023,0.3475,1.8701,0.2024,7.4537,8045.5,56127.1,4614.94
LUCAS MENDONÇA,MR 2,2023,0.1334,1.0352,0.3235,10.4962,3198.168,35218.5,2989.99
MARCOS CAVALCANTI,Suezmax,2023,0.2813,1.6542,0.2189,6.8824,7231.06,53414.9,4825.62
MARIA VALENTINA,Gaseiro 7k,2023,0.048,0.4039,0.5323,26.8302,1328.542,40020.0,3365.6
PAULO MOURA,Suezmax,2023,0.187,1.6849,0.2206,7.8112,8934.34,62160.5,5101.74
RAFAEL SANTOS,Suezmax,2023,0.2446,2.0801,0.2431,7.0911,7586.07,54360.2,4264.7
RAUL MARTINS,Suezmax,2023,0.2276,1.9911,0.2482,5.6138,9665.0,57047.9,4944.0
RENATO GOMES,Aframax,2023,0.1463,1.466,0.2509,8.6561,7107.0584,57612.22,4863.46
RICARDO BARBOSA,Gaseiro 7k,2023,0.045,0.4174,0.6112,25.6545,1717.093,45614.0,4041.16
RODRIGO PINHEIRO,Aframax,2023,0.1547,1.4918,0.2491,9.1299,8875.877,72687.0,5962.31
ROMARIO SILVA,MR 2,2023,0.1337,0.9084,0.2411,13.794,1645.18,21323.2,1771.8
THIAGO FERNANDES,MR 2,2023,0.1149,1.1147,0.3064,11.8259,3048.5,38533.5,2986.6
TOTAL_FROTA,TODAS,2023,0.1804,1.3879,0.3172,12.6723,119226.7784,1015315.38,86054.94
VICTOR OLIVEIRA,Suezmax,2023,0.2408,2.2291,0.2792,7.9136,8653.26,57824.79,4808.05
BRUNO LIMA,Gaseiro 7k,2024,0.0753,0.4944,0.5713,22.9221,1398.785,32540.35,3194.14
CARLA SILVA,Aframax,2024,0.152,1.2158,0.1509,8.8896,2755.55,23201.0,2034.27
DANIEL PEREIRA,Aframax,2024,0.1685,1.4513,0.2759,8.5155,8460.3,68870.54,5803.2
EDUARDO COSTA,MR 2,2024,0.2081,0.9397,0.3062,10.2038,3592.901,41922.2,3601.16
FELIPE RIBEIRO,Suezmax,2024,0.3763,2.2706,0.2607,6.192,8487.38,49598.6,4664.48
FÁBIO SANTOS,Gaseiro 7k,2024,0.0479,0.4599,0.5611,33.3041,1767.24,50391.2,4160.32
GABRIELA MARTINS,Aframax,2024,0.1436,1.4233,0.2707,8.8392,7163.2,60176.0,4957.36
GISELLE CARVALHO,Suezmax,2024,0.2098,1.9881,0.3324,6.6292,10378.61,61245.3,5029.99
HENRIQUE ALVES,Suezmax,2024,0.2059,2.0565,0.2869,7.8254,10844.0,77512.0,6468.42
LUCAS MENDONÇA,MR 2,2024,0.1322,0.9463,0.2639,11.6233,2557.08,33877.6,2624.45
MARCOS CAVALCANTI,Suezmax,2024,0.1832,1.6557,0.2553,6.7077,10620.399,72772.5,6234.6
MARIA VALENTINA,Gaseiro 7k,2024,0.058,0.4296,0.5558,24.0237,1491.505,43463.5,3539.87
PAULO MOURA,Suezmax,2024,0.2825,2.0278,0.2381,7.7605,9861.3397,62008.2,5623.41
RAFAEL SANTOS,Suezmax,2024,0.1605,1.7467,0.2716,8.1686,9809.8,67269.0,5470.99
RAUL MARTINS,Suezmax,2024,0.2068,1.8064,0.2582,6.1767,10632.88,64216.9,5885.7
RENATO GOMES,Aframax,2024,0.1202,1.3813,0.2934,11.3885,7411.0,70795.5,5787.5
RICARDO BARBOSA,Gaseiro 7k,2024,0.0444,0.3904,0.5568,30.0723,1439.798,44796.0,3846.46
RODRIGO PINHEIRO,Aframax,2024,0.1695,1.4119,0.2277,9.9374,6336.4715,54149.8,4573.52
ROMARIO SILVA,MR 2,2024,0.124,0.9975,0.2895,12.9413,2994.795,40505.24,3088.99
THIAGO FERNANDES,MR 2,2024,0.1379,0.9301,0.2807,12.2881,3113.42,38287.6,3594.02
TOTAL_FROTA,TODAS,2024,0.1594,1.3172,0.3281,12.7771,130921.6542,1127688.03,95827.97
VICTOR OLIVEIRA,Suezmax,2024,0.1584,1.7702,0.2425,7.5278,9805.2,70089.0,5645.12
BRUNO LIMA,Gaseiro 7k,2025,0.0877,0.5398,0.5622,28.3988,1396.569,37240.2,3012.05
CARLA SILVA,Aframax,2025,0.1306,0.9358,0.1053,10.1575,1329.9,11604.0,1179.7
DANIEL PEREIRA,Aframax,2025,0.1956,1.6358,0.253,7.7325,7219.9,55697.5,4692.57
EDUARDO COSTA,MR 2,2025,0.2128,1.0033,0.353,8.0489,2630.5,26570.0,2529.85
FELIPE RIBEIRO,Suezmax,2025,0.1747,1.6821,0.2394,7.5396,9031.529,65671.7,5323.53
FÁBIO SANTOS,Gaseiro 7k,2025,0.0446,0.4413,0.6033,29.9776,1488.189,37498.8,3198.31
GABRIELA MARTINS,Aframax,2025,0.1603,1.4263,0.2409,8.3631,6869.1,57627.9,4703.53
GISELLE CARVALHO,Suezmax,2025,0.1618,1.6347,0.2909,7.8717,7524.813,56432.8,4522.55
HENRIQUE ALVES,Suezmax,2025,0.23,1.5837,0.2198,6.9795,7582.4,50375.0,4708.18
LUCAS MENDONÇA,MR 2,2025,0.1061,0.8705,0.2345,12.1127,1966.47,26564.3,2311.03
MARCOS CAVALCANTI,Suezmax,2025,0.2159,1.781,0.2161,6.7174,8494.792,54534.3,4713.37
MARIA VALENTINA,Gaseiro 7k,2025,0.06,0.4449,0.6025,23.5778,1430.497,41302.9,3287.94
PAULO MOURA,Suezmax,2025,0.2121,1.7988,0.2124,9.9145,8564.581,51211.8,4838.83
RAFAEL SANTOS,Suezmax,2025,0.1795,1.8076,0.28,6.6845,9550.1,61148.6,5051.7
RAUL MARTINS,Suezmax,2025,0.2198,1.9564,0.2354,7.0541,6867.084,47767.1,4017.27
RENATO GOMES,Aframax,2025,0.1478,1.2945,0.211,9.862,3669.98,29284.2,2624.89
RICARDO BARBOSA,Gaseiro 7k,2025,0.0527,0.4273,0.5741,26.1815,1266.379,36328.5,3100.12
RODRIGO PINHEIRO,Aframax,2025,0.1282,1.231,0.2347,13.2742,6051.64,63813.3,5090.87
ROMARIO SILVA,MR 2,2025,0.1005,0.8446,0.3002,15.462,2711.53,36205.34,2813.19
THIAGO FERNANDES,MR 2,2025,0.1776,1.0338,0.2565,10.0229,2118.58,25560.0,2234.27
TOTAL_FROTA,TODAS,2025,0.15,1.2396,0.3155,12.8188,105134.483,926359.74,78636.64
VICTOR OLIVEIRA,Suezmax,2025,0.1543,1.4828,0.2276,7.7503,7369.95,53921.5,4682.89
