shipName,ano,mes,consumo_por_milha_previsto
BRUNO LIMA,2026,1,0.0416
CARLA SILVA,2026,1,0.1049
DANIEL PEREIRA,2026,1,0.123
EDUARDO COSTA,2026,1,0.087
FELIPE RIBEIRO,2026,1,0.1903
FÁBIO SANTOS,2026,1,0.0403
GABRIELA MARTINS,2026,1,0.109
GISELLE CARVALHO,2026,1,0.1425
HENRIQUE ALVES,2026,1,0.1211
LUCAS MENDONÇA,2026,1,0.0835
MARCOS CAVALCANTI,2026,1,0.1521
MARIA VALENTINA,2026,1,0.0325
PAULO MOURA,2026,1,0.1791
RAFAEL SANTOS,2026,1,0.1227
RAUL MARTINS,2026,1,0.1601
RENATO GOMES,2026,1,0.1037
RICARDO BARBOSA,2026,1,0.0348
RODRIGO PINHEIRO,2026,1,0.0957
ROMARIO SILVA,2026,1,0.0727
THIAGO FERNANDES,2026,1,0.0731
TOTAL_FROTA,2026,1,0.1048047619047619
VICTOR OLIVEIRA,2026,1,0.1312
BRUNO LIMA,2026,2,0.0415
CARLA SILVA,2026,2,0.1058
DANIEL PEREIRA,2026,2,0.1229
EDUARDO COSTA,2026,2,0.0892
FELIPE RIBEIRO,2026,2,0.1904
FÁBIO SANTOS,2026,2,0.0399
GABRIELA MARTINS,2026,2,0.1084
GISELLE CARVALHO,2026,2,0.1434
HENRIQUE ALVES,2026,2,0.1207
LUCAS MENDONÇA,2026,2,0.0821
MARCOS CAVALCANTI,2026,2,0.1532
MARIA VALENTINA,2026,2,0.0324
PAULO MOURA,2026,2,0.182
RAFAEL SANTOS,2026,2,0.1243
RAUL MARTINS,2026,2,0.1595
RENATO GOMES,2026,2,0.1048
RICARDO BARBOSA,2026,2,0.0354
RODRIGO PINHEIRO,2026,2,0.0952
ROMARIO SILVA,2026,2,0.0728
THIAGO FERNANDES,2026,2,0.0728
TOTAL_FROTA,2026,2,0.10505714285714285
VICTOR OLIVEIRA,2026,2,0.1295
BRUNO LIMA,2026,3,0.0413
CARLA SILVA,2026,3,0.1066
DANIEL PEREIRA,2026,3,0.1227
EDUARDO COSTA,2026,3,0.0914
FELIPE RIBEIRO,2026,3,0.1906
FÁBIO SANTOS,2026,3,0.0395
GABRIELA MARTINS,2026,3,0.1078
GISELLE CARVALHO,2026,3,0.1444
HENRIQUE ALVES,2026,3,0.1203
LUCAS MENDONÇA,2026,3,0.0807
MARCOS CAVALCANTI,2026,3,0.1542
MARIA VALENTINA,2026,3,0.0323
PAULO MOURA,2026,3,0.1849
RAFAEL SANTOS,2026,3,0.1259
RAUL MARTINS,2026,3,0.1588
RENATO GOMES,2026,3,0.1058
RICARDO BARBOSA,2026,3,0.0359
RODRIGO PINHEIRO,2026,3,0.0947
ROMARIO SILVA,2026,3,0.073
THIAGO FERNANDES,2026,3,0.0724
TOTAL_FROTA,2026,3,0.1052904761904762
VICTOR OLIVEIRA,2026,3,0.1279
BRUNO LIMA,2026,4,0.0412
CARLA SILVA,2026,4,0.1075
DANIEL PEREIRA,2026,4,0.1225
EDUARDO COSTA,2026,4,0.0936
FELIPE RIBEIRO,2026,4,0.1907
FÁBIO SANTOS,2026,4,0.0391
GABRIELA MARTINS,2026,4,0.1072
GISELLE CARVALHO,2026,4,0.1453
HENRIQUE ALVES,2026,4,0.1199
LUCAS MENDONÇA,2026,4,0.0793
MARCOS CAVALCANTI,2026,4,0.1553
MARIA VALENTINA,2026,4,0.0322
PAULO MOURA,2026,4,0.1878
RAFAEL SANTOS,2026,4,0.1274
RAUL MARTINS,2026,4,0.1582
RENATO GOMES,2026,4,0.1069
RICARDO BARBOSA,2026,4,0.0365
RODRIGO PINHEIRO,2026,4,0.0942
ROMARIO SILVA,2026,4,0.0732
THIAGO FERNANDES,2026,4,0.0721
TOTAL_FROTA,2026,4,0.10553809523809524
VICTOR OLIVEIRA,2026,4,0.1262
BRUNO LIMA,2026,5,0.041
CARLA SILVA,2026,5,0.1084
DANIEL PEREIRA,2026,5,0.1224
EDUARDO COSTA,2026,5,0.0959
FELIPE RIBEIRO,2026,5,0.1908
FÁBIO SANTOS,2026,5,0.0388
GABRIELA MARTINS,2026,5,0.1066
GISELLE CARVALHO,2026,5,0.1462
HENRIQUE ALVES,2026,5,0.1194
LUCAS MENDONÇA,2026,5,0.0779
MARCOS CAVALCANTI,2026,5,0.1563
MARIA VALENTINA,2026,5,0.032
PAULO MOURA,2026,5,0.1907
RAFAEL SANTOS,2026,5,0.129
RAUL MARTINS,2026,5,0.1575
RENATO GOMES,2026,5,0.108
RICARDO BARBOSA,2026,5,0.0371
RODRIGO PINHEIRO,2026,5,0.0937
ROMARIO SILVA,2026,5,0.0734
THIAGO FERNANDES,2026,5,0.0717
TOTAL_FROTA,2026,5,0.10577619047619047
VICTOR OLIVEIRA,2026,5,0.1245
BRUNO LIMA,2026,6,0.0409
CARLA SILVA,2026,6,0.1093
DANIEL PEREIRA,2026,6,0.1222
EDUARDO COSTA,2026,6,0.0981
FELIPE RIBEIRO,2026,6,0.1909
FÁBIO SANTOS,2026,6,0.0384
GABRIELA MARTINS,2026,6,0.106
GISELLE CARVALHO,2026,6,0.1472
HENRIQUE ALVES,2026,6,0.119
LUCAS MENDONÇA,2026,6,0.0765
MARCOS CAVALCANTI,2026,6,0.1574
MARIA VALENTINA,2026,6,0.0319
PAULO MOURA,2026,6,0.1936
RAFAEL SANTOS,2026,6,0.1306
RAUL MARTINS,2026,6,0.1569
RENATO GOMES,2026,6,0.109
RICARDO BARBOSA,2026,6,0.0377
RODRIGO PINHEIRO,2026,6,0.0933
ROMARIO SILVA,2026,6,0.0735
THIAGO FERNANDES,2026,6,0.0714
TOTAL_FROTA,2026,6,0.10602857142857143
VICTOR OLIVEIRA,2026,6,0.1228
